peptide,allele,y_prob,y_pred,hit
AAAGPGAAL,HLA-B*07:02,0.98667777,1,1
AAERRGPL,HLA-B*07:02,0.06953076,0,1
AALSPSSGQRL,HLA-B*07:02,0.04339059,0,1
AAMAGRLMI,HLA-B*07:02,0.31363416,0,1
ADLINNLGTIAK,HLA-B*07:02,0.0003429137,0,1
AGFAGDDAPR,HLA-B*07:02,0.00043576388,0,1
ALAPALSAP,HLA-B*07:02,0.31094596,0,1
APAAIPAL,HLA-B*07:02,0.93096054,1,1
APAAYPREVAL,HLA-B*07:02,0.97427547,1,1
APAPGAPLL,HLA-B*07:02,0.9991049,1,1
APAPGAPLLPL,HLA-B*07:02,0.9991013,1,1
APAPSRGSVQVAL,HLA-B*07:02,0.99401546,1,1
APAPSRGSVQV,HLA-B*07:02,0.9962722,1,1
APDGLPAL,HLA-B*07:02,0.9107751,1,1
APFGLKPRSV,HLA-B*07:02,0.97133386,1,1
APGDYGRQAL,HLA-B*07:02,0.9902834,1,1
APGGTGIVSA,HLA-B*07:02,0.9953448,1,1
APGIIPRISV,HLA-B*07:02,0.80307144,1,1
APGPGLLL,HLA-B*07:02,0.9969975,1,1
APGPGPASARAQL,HLA-B*07:02,0.7817941,1,1
APGQGGIL,HLA-B*07:02,0.9027992,1,1
APHEILIQI,HLA-B*07:02,0.9877729,1,1
APHPSSWETL,HLA-B*07:02,0.9980768,1,1
APISDIIAI,HLA-B*07:02,0.9768877,1,1
APLAAGMIAL,HLA-B*07:02,0.5501649,1,1
APLEDEATL,HLA-B*07:02,0.7006525,1,1
APQLLIVL,HLA-B*07:02,0.9436648,1,1
APQTSTPSL,HLA-B*07:02,0.9954378,1,1
APSAPAAAV,HLA-B*07:02,0.9930473,1,1
APSGGWNGVGASL,HLA-B*07:02,0.76036125,1,1
APSGIGSIF,HLA-B*07:02,0.9988728,1,1
APSQQQPML,HLA-B*07:02,0.99248874,1,1
APSYLARSL,HLA-B*07:02,0.99850464,1,1
ASGPPVSELITK,HLA-B*07:02,0.044731945,0,1
ASPKSPTAAL,HLA-B*07:02,0.004877609,0,1
DIAALVVD,HLA-B*07:02,0.00018354377,0,1
DPFNPFELTNH,HLA-B*07:02,0.5684102,1,1
DSYVGDEAQSK,HLA-B*07:02,0.00015861368,0,1
ESGPSIVH,HLA-B*07:02,0.0019191223,0,1
ETYVPKEF,HLA-B*07:02,0.0022446765,0,1
FLASVSTVLTSK,HLA-B*07:02,0.21440373,0,1
FPAAPIPTL,HLA-B*07:02,0.99988735,1,1
FPAEDWAGL,HLA-B*07:02,0.9257842,1,1
FPAKPGSLTL,HLA-B*07:02,0.99869555,1,1
FPRDPKRLTP,HLA-B*07:02,0.9987803,1,1
FPRPVTVEP,HLA-B*07:02,0.9983651,1,1
GPAYAFTAL,HLA-B*07:02,0.99756867,1,1
GPMPQTREHL,HLA-B*07:02,0.9987263,1,1
GPSLAAPAL,HLA-B*07:02,0.99884474,1,1
GVWTYDDATKTF,HLA-B*07:02,0.0025036454,0,1
HESEQLGSISV,HLA-B*07:02,0.0035569142,0,1
HLPETKFSEL,HLA-B*07:02,0.011484657,0,1
HPPMILPLPL,HLA-B*07:02,0.92393315,1,1
HPRLVVIVL,HLA-B*07:02,0.9792796,1,1
IAPTGHSL,HLA-B*07:02,0.0018314072,0,1
ILLAELEQLK,HLA-B*07:02,0.0065232753,0,1
IPADTFAAL,HLA-B*07:02,0.9947266,1,1
IPAKKYVKL,HLA-B*07:02,0.8771333,1,1
IPFWRNTAV,HLA-B*07:02,0.7894511,1,1
IPISPSTEV,HLA-B*07:02,0.9750224,1,1
IPLAKRVAL,HLA-B*07:02,0.99387413,1,1
KLVAASQAALGL,HLA-B*07:02,0.0086141955,0,1
KVRDPRPWL,HLA-B*07:02,0.9743285,1,1
LDPVLQNPL,HLA-B*07:02,0.0012997852,0,1
LGEYGFQNALIVR,HLA-B*07:02,1.74954e-05,0,1
LGSPAAGTLA,HLA-B*07:02,0.06260378,0,1
LIMGFLVLGL,HLA-B*07:02,0.09516476,0,1
LPAAPGKGL,HLA-B*07:02,0.9991148,1,1
LPDFERESL,HLA-B*07:02,0.9896243,1,1
LPGGPTLTF,HLA-B*07:02,0.9999225,1,1
LPIVTPAL,HLA-B*07:02,0.9474768,1,1
LPSKPYSTL,HLA-B*07:02,0.996084,1,1
LPSNLPQL,HLA-B*07:02,0.74774027,1,1
LPSPEGLSL,HLA-B*07:02,0.9996939,1,1
LPTGSTPL,HLA-B*07:02,0.981155,1,1
LPYAGDVSM,HLA-B*07:02,0.91076064,1,1
LQAPVLVA,HLA-B*07:02,0.03958544,0,1
LRVDPVNFK,HLA-B*07:02,0.0005602065,0,1
LVAASQAALGL,HLA-B*07:02,0.70729893,1,1
LVNEVTEFAK,HLA-B*07:02,0.0047724154,0,1
MPDSAAAL,HLA-B*07:02,0.28241366,0,1
MPGALPSL,HLA-B*07:02,0.8615889,1,1
MPRWAERL,HLA-B*07:02,0.9124451,1,1
NAPWAVTSL,HLA-B*07:02,0.011839997,0,1
NVKVDPEIQ,HLA-B*07:02,0.012509105,0,1
PARVPHSPQRFA,HLA-B*07:02,0.23602654,0,1
PASKRPPL,HLA-B*07:02,0.104293495,0,1
PAWPHRGL,HLA-B*07:02,0.39929605,0,1
PAYHSSLMD,HLA-B*07:02,0.033958446,0,1
PEAKKPRL,HLA-B*07:02,0.03632405,0,1
PPYTVVYFPVRGR,HLA-B*07:02,0.07512768,0,1
PSAARHSL,HLA-B*07:02,0.00861912,0,1
PSSAPAVST,HLA-B*07:02,0.05454225,0,1
PVPEEEEGFEGGD,HLA-B*07:02,0.00020634355,0,1
QPEWLRAEV,HLA-B*07:02,0.29715624,0,1
QPQTPIQGTSEL,HLA-B*07:02,0.66181636,1,1
QPSEVLRTV,HLA-B*07:02,0.92613137,1,1
QTAAAAAL,HLA-B*07:02,0.0006515553,0,1
QTAPLRAEL,HLA-B*07:02,0.08758192,0,1
RASPVRLLSL,HLA-B*07:02,0.90104973,1,1
RGPLPPLRPL,HLA-B*07:02,0.24560113,0,1
RIRAAWTRAL,HLA-B*07:02,0.0579184,0,1
RPFHGISTV,HLA-B*07:02,0.68060356,1,1
RPGHKPSIL,HLA-B*07:02,0.9554072,1,1
RPKLNRENF,HLA-B*07:02,0.99938273,1,1
RPKTGVRGL,HLA-B*07:02,0.8830943,1,1
RPNGTSAMLLVTL,HLA-B*07:02,0.99509686,1,1
RPNVQAISSRL,HLA-B*07:02,0.8635368,1,1
RSGGGFSSGSAGII,HLA-B*07:02,0.0046026637,0,1
RVAEFHTEL,HLA-B*07:02,0.21635719,0,1
RVPGPPARLGLPL,HLA-B*07:02,0.6903008,1,1
SIPGGYNAL,HLA-B*07:02,0.045337427,0,1
SLHHPTLI,HLA-B*07:02,0.08780715,0,1
SPAITATL,HLA-B*07:02,0.9784201,1,1
SPATTGTFL,HLA-B*07:02,0.99213105,1,1
SPDDPAGLL,HLA-B*07:02,0.9965263,1,1
SPDLSSLSL,HLA-B*07:02,0.9982589,1,1
SPGDFSISV,HLA-B*07:02,0.7323274,1,1
SPIITLVAL,HLA-B*07:02,0.99655044,1,1
SPLGSPEL,HLA-B*07:02,0.9836451,1,1
SPLPLTAL,HLA-B*07:02,0.9341959,1,1
SPLSAAAAT,HLA-B*07:02,0.5110469,1,1
SPMLLVAL,HLA-B*07:02,0.78310174,1,1
SPPDPARRE,HLA-B*07:02,0.96652,1,1
SPQGLKPVV,HLA-B*07:02,0.9832903,1,1
SPQPGSAL,HLA-B*07:02,0.92735153,1,1
SPRPDRALV,HLA-B*07:02,0.9971859,1,1
SPSALIWWL,HLA-B*07:02,0.99866295,1,1
SPTATPRTL,HLA-B*07:02,0.9941188,1,1
SPTQLPIL,HLA-B*07:02,0.57215405,1,1
SPWPGTTL,HLA-B*07:02,0.9882699,1,1
SPWSISSTM,HLA-B*07:02,0.95980626,1,1
STGGAPTFNVTVTK,HLA-B*07:02,0.0005213169,0,1
TAFQEALDAAGDK,HLA-B*07:02,1.9108935e-05,0,1
TFTVTEKPEVID,HLA-B*07:02,4.7584937e-05,0,1
TPAALAAL,HLA-B*07:02,0.43648317,0,1
TPAGVQVIL,HLA-B*07:02,0.9025687,1,1
TPHFSGLAA,HLA-B*07:02,0.99200916,1,1
TPLLMQAL,HLA-B*07:02,0.34421068,0,1
TPSLIRAGSRVA,HLA-B*07:02,0.23785529,0,1
TTTEAVDAATAE,HLA-B*07:02,1.6090034e-05,0,1
TVKPLTLEL,HLA-B*07:02,0.6553635,1,1
TVTEKPEVID,HLA-B*07:02,0.005081551,0,1
VAPGALLGL,HLA-B*07:02,0.20608017,0,1
VAVPGQPI,HLA-B*07:02,0.048992313,0,1
VDPNRAVPL,HLA-B*07:02,0.00025374358,0,1
VHLTPEEKSAVTAL,HLA-B*07:02,0.00044825597,0,1
VNVDEVGGEALGR,HLA-B*07:02,7.456547e-05,0,1
VPGPPARLGL,HLA-B*07:02,0.9995388,1,1
VPKQPPKTL,HLA-B*07:02,0.9981831,1,1
VPLGPGQI,HLA-B*07:02,0.96470195,1,1
VPWKEVLL,HLA-B*07:02,0.33572996,0,1
VRYTKKVPQVSTPT,HLA-B*07:02,6.465926e-05,0,1
WARPLSVSF,HLA-B*07:02,0.8726704,1,1
YLAPNNLKPVVAE,HLA-B*07:02,0.050313395,0,1
YLPDGTASL,HLA-B*07:02,0.005636091,0,1
YPLRPGPQL,HLA-B*07:02,0.99962664,1,1
YPTSPGPI,HLA-B*07:02,0.9626715,1,1
YRSGGGFSSGSAGI,HLA-B*07:02,0.117836796,0,1
VLAKTYGG,HLA-B*07:02,0.0014973532,0,0
RRLGELPG,HLA-B*07:02,0.0007937318,0,0
SPCAHGGS,HLA-B*07:02,0.9779198,1,0
LRSTLREY,HLA-B*07:02,0.0031642818,0,0
CFEDPTLD,HLA-B*07:02,0.016416125,0,0
ALRELSKE,HLA-B*07:02,0.013080224,0,0
TAHDAPRK,HLA-B*07:02,0.008213845,0,0
DPRFNTFH,HLA-B*07:02,0.9607851,1,0
GQIFLSSD,HLA-B*07:02,0.002185905,0,0
LHGGFNGG,HLA-B*07:02,0.0031682944,0,0
MRNGVTLV,HLA-B*07:02,0.053516217,0,0
LLDDGLAR,HLA-B*07:02,0.0003672932,0,0
LYEAGLPR,HLA-B*07:02,0.0032779078,0,0
VLGVYEPR,HLA-B*07:02,0.0029903185,0,0
ESALVSHE,HLA-B*07:02,0.00021491868,0,0
GGAVWLDP,HLA-B*07:02,0.001213889,0,0
AGAAAKSV,HLA-B*07:02,0.0061869947,0,0
TDNGPILS,HLA-B*07:02,0.633148,1,0
LVQFQRPA,HLA-B*07:02,0.22212584,0,0
REDFGLSI,HLA-B*07:02,0.00056654,0,0
SCNDLVIL,HLA-B*07:02,0.0011327594,0,0
STGHLILV,HLA-B*07:02,0.029841367,0,0
EISIPFDL,HLA-B*07:02,0.006706124,0,0
AGKLENIF,HLA-B*07:02,8.431857e-05,0,0
IRSHDVKN,HLA-B*07:02,0.0004619479,0,0
IKPPPVEP,HLA-B*07:02,0.024001602,0,0
QVTNDNIY,HLA-B*07:02,0.00014277914,0,0
TIRRVRKE,HLA-B*07:02,0.029352546,0,0
SRDPPEKQ,HLA-B*07:02,0.06926374,0,0
FKVKKSGK,HLA-B*07:02,0.0069060544,0,0
TVVFWDLK,HLA-B*07:02,0.004914119,0,0
IDLEQMEQ,HLA-B*07:02,0.0021687783,0,0
IQPPKKIN,HLA-B*07:02,0.0029424964,0,0
HLKYYIDG,HLA-B*07:02,0.00066474563,0,0
AAAEKVDR,HLA-B*07:02,0.00783002,0,0
QYRHFVIP,HLA-B*07:02,0.00024941986,0,0
ALELCAGP,HLA-B*07:02,0.0005626622,0,0
FSQLEELL,HLA-B*07:02,0.000889576,0,0
SVDKATLT,HLA-B*07:02,0.016822644,0,0
GLALCALG,HLA-B*07:02,0.007347343,0,0
SEDFKKTT,HLA-B*07:02,0.008246035,0,0
DGSMCKAE,HLA-B*07:02,9.333763e-05,0,0
ENERCIGC,HLA-B*07:02,0.00027678948,0,0
FEKVSALA,HLA-B*07:02,0.14012589,0,0
KDRDNPPE,HLA-B*07:02,0.064429976,0,0
IAIGHPIG,HLA-B*07:02,0.02673349,0,0
TVGLPAGT,HLA-B*07:02,0.03918471,0,0
PSFSPSLS,HLA-B*07:02,0.16017729,0,0
GEKSMALR,HLA-B*07:02,0.042744864,0,0
NGDGSVNK,HLA-B*07:02,9.075894e-05,0,0
VDGDGIVR,HLA-B*07:02,0.0029718857,0,0
TARIDMAL,HLA-B*07:02,0.0067477245,0,0
PEIVAARE,HLA-B*07:02,0.003418036,0,0
GMAANGLK,HLA-B*07:02,0.13018495,0,0
QTSEGVCL,HLA-B*07:02,0.0012169013,0,0
YRVFKVVL,HLA-B*07:02,0.0031168258,0,0
KIPIEIVN,HLA-B*07:02,0.00021424351,0,0
NDSETADM,HLA-B*07:02,0.0013510268,0,0
VTLFKVKW,HLA-B*07:02,0.00054176163,0,0
GVSWSHIF,HLA-B*07:02,0.022929808,0,0
VSFYKRAQ,HLA-B*07:02,0.003966032,0,0
FGDHVKKP,HLA-B*07:02,0.00049599813,0,0
RSMRAKED,HLA-B*07:02,0.0036099572,0,0
ADASWDLL,HLA-B*07:02,0.011504824,0,0
KANVKAAW,HLA-B*07:02,0.010067508,0,0
EKRKFHQN,HLA-B*07:02,0.00042285482,0,0
STLQSSFP,HLA-B*07:02,0.0005419662,0,0
SCTVAEAV,HLA-B*07:02,0.00027605472,0,0
GMPGAAYK,HLA-B*07:02,0.0008142344,0,0
TMTPTLRL,HLA-B*07:02,0.038820196,0,0
RNNLWNYK,HLA-B*07:02,0.00046205247,0,0
VNGVGPGG,HLA-B*07:02,0.0014484305,0,0
AGVSSPNS,HLA-B*07:02,0.007100515,0,0
KNQLQIEG,HLA-B*07:02,0.005429731,0,0
ADIYREGV,HLA-B*07:02,0.0012230526,0,0
PFVMAPLM,HLA-B*07:02,0.009444905,0,0
PDAMGLGL,HLA-B*07:02,0.0049210954,0,0
NIFLVVME,HLA-B*07:02,0.0004507573,0,0
DLICRAHQ,HLA-B*07:02,0.00024921066,0,0
SYNLLQRG,HLA-B*07:02,0.004660951,0,0
AKGNQGAA,HLA-B*07:02,0.006791524,0,0
KEVYEGEV,HLA-B*07:02,0.0031552974,0,0
KREMTNLQ,HLA-B*07:02,0.0069702845,0,0
NPPEEAPR,HLA-B*07:02,0.08751429,0,0
QREMKMFL,HLA-B*07:02,0.0007105021,0,0
QLVHYYKV,HLA-B*07:02,0.0009509751,0,0
LAKLQDQV,HLA-B*07:02,0.008137372,0,0
RSPRRMRP,HLA-B*07:02,0.0003107266,0,0
VKGEQFDR,HLA-B*07:02,0.00087560946,0,0
AFGSAAPK,HLA-B*07:02,0.0021544236,0,0
SFNRITID,HLA-B*07:02,0.0036512446,0,0
SYNVTTSS,HLA-B*07:02,0.0855681,0,0
QLLNPFIP,HLA-B*07:02,0.0005276474,0,0
PVNARLDD,HLA-B*07:02,0.0034125098,0,0
LGSKNSSK,HLA-B*07:02,0.0042336253,0,0
KLFEMDNI,HLA-B*07:02,9.716988e-05,0,0
WHRIHKDT,HLA-B*07:02,0.003989604,0,0
STLISKTQ,HLA-B*07:02,0.0057965987,0,0
DGGKQALE,HLA-B*07:02,0.00029835897,0,0
GEICGGSE,HLA-B*07:02,0.0025371667,0,0
SYMFTTAS,HLA-B*07:02,0.091219194,0,0
QNFTRATN,HLA-B*07:02,0.00016764106,0,0
SGAWYSYN,HLA-B*07:02,0.0009365987,0,0
GWVLPEGK,HLA-B*07:02,0.01986629,0,0
GDLVEIDI,HLA-B*07:02,0.00012429124,0,0
APGFAHLQ,HLA-B*07:02,0.99121875,1,0
GGDRDGNP,HLA-B*07:02,0.00065326307,0,0
TFLFGCID,HLA-B*07:02,8.328888e-05,0,0
QANMLVLR,HLA-B*07:02,0.007006223,0,0
IEQDPEGQ,HLA-B*07:02,0.010071814,0,0
SPVHRAAL,HLA-B*07:02,0.61543584,1,0
SPLYVNTE,HLA-B*07:02,0.46943256,0,0
LVLTDIGW,HLA-B*07:02,0.005062133,0,0
VLCRDEME,HLA-B*07:02,0.0002189031,0,0
FLGAMRAS,HLA-B*07:02,0.029931534,0,0
QQVIPERL,HLA-B*07:02,0.018255599,0,0
DISNLDRM,HLA-B*07:02,0.0013090158,0,0
AYQLAFRY,HLA-B*07:02,0.0021445295,0,0
FVADAAVI,HLA-B*07:02,0.0023545139,0,0
PNTNVFEE,HLA-B*07:02,0.00027776495,0,0
EVGTVTPR,HLA-B*07:02,0.0023092632,0,0
EKKKAEQD,HLA-B*07:02,2.9377807e-05,0,0
ISSQTFIP,HLA-B*07:02,0.0023296524,0,0
VAMELEEA,HLA-B*07:02,0.060713906,0,0
LKILGYDT,HLA-B*07:02,0.00023367797,0,0
VHGQAATD,HLA-B*07:02,0.0014004275,0,0
TQAYETYR,HLA-B*07:02,0.00013243148,0,0
DDVPIDVL,HLA-B*07:02,0.00206407,0,0
NAGVDPKE,HLA-B*07:02,0.0069701425,0,0
AGALLGDV,HLA-B*07:02,0.003955826,0,0
KKKIPYIS,HLA-B*07:02,0.04886886,0,0
AKDRVALN,HLA-B*07:02,0.0035484517,0,0
LSAAYYLA,HLA-B*07:02,0.017846866,0,0
RRFTCIIG,HLA-B*07:02,0.00038293243,0,0
LLHYDFIK,HLA-B*07:02,0.0010262008,0,0
VASVVSTY,HLA-B*07:02,0.02856489,0,0
RPGFYAII,HLA-B*07:02,0.6252904,1,0
LDRDGREP,HLA-B*07:02,0.022871854,0,0
HIEPGDIL,HLA-B*07:02,0.0036245808,0,0
NAASCDMV,HLA-B*07:02,0.0033431419,0,0
QARLMSQA,HLA-B*07:02,0.15079403,0,0
FAVAAHAP,HLA-B*07:02,0.011622445,0,0
FPPMDNDS,HLA-B*07:02,0.21376881,0,0
NPCFQSGE,HLA-B*07:02,0.4747389,0,0
NDKMALQR,HLA-B*07:02,0.00043718558,0,0
AHLIDWKG,HLA-B*07:02,0.00037991896,0,0
LDKDLRAG,HLA-B*07:02,0.0016995554,0,0
KRFTHHTH,HLA-B*07:02,0.00062707334,0,0
RDHSTYRP,HLA-B*07:02,0.018097805,0,0
EGDLVQRG,HLA-B*07:02,0.00011082486,0,0
ELDHAFDV,HLA-B*07:02,1.2166355e-05,0,0
SVLVAFQQ,HLA-B*07:02,0.0058029033,0,0
CVALAIYI,HLA-B*07:02,0.009444369,0,0
LPNSTERA,HLA-B*07:02,0.979656,1,0
LVNVDGAD,HLA-B*07:02,0.010397402,0,0
SMRGDLVS,HLA-B*07:02,0.17606537,0,0
AKVVPLNT,HLA-B*07:02,0.05294934,0,0
EEQNGALY,HLA-B*07:02,5.6821365e-05,0,0
QAKPTLED,HLA-B*07:02,0.37032333,0,0
FGKTYFFS,HLA-B*07:02,0.0064706746,0,0
PIAELFSD,HLA-B*07:02,0.0070976242,0,0
TDSSLKSA,HLA-B*07:02,0.0059129377,0,0
AYVCELKI,HLA-B*07:02,0.00025340848,0,0
GVIQELVE,HLA-B*07:02,0.0013576774,0,0
RFCDGLKK,HLA-B*07:02,0.0008684902,0,0
LLNSWAYL,HLA-B*07:02,0.001708361,0,0
RERHWMIQ,HLA-B*07:02,0.007083297,0,0
NNNPATAT,HLA-B*07:02,0.0018936979,0,0
DRLGEITV,HLA-B*07:02,0.0014122898,0,0
NYSKRAVN,HLA-B*07:02,0.00021172299,0,0
RIHTFTIM,HLA-B*07:02,0.0041149347,0,0
PEAVPESW,HLA-B*07:02,0.017789679,0,0
KLAQKGNK,HLA-B*07:02,0.001354401,0,0
AFHIAAGG,HLA-B*07:02,0.002599999,0,0
IIHNGWIE,HLA-B*07:02,0.0015170411,0,0
KDVKIAQL,HLA-B*07:02,0.0020223632,0,0
FSSDNGGQ,HLA-B*07:02,0.11804289,0,0
SFAIGFLE,HLA-B*07:02,0.0051134503,0,0
KDYIEIIN,HLA-B*07:02,0.000253605,0,0
VSTFPVIL,HLA-B*07:02,0.0033591765,0,0
ACLDQQRL,HLA-B*07:02,0.0041182423,0,0
DGGTRIYL,HLA-B*07:02,0.00038228702,0,0
NPPPPATS,HLA-B*07:02,0.9912948,1,0
NRRYVAAR,HLA-B*07:02,0.0011995067,0,0
DSTTIGEY,HLA-B*07:02,8.1006874e-05,0,0
PNCDTSRV,HLA-B*07:02,0.025705853,0,0
PSKFGNAN,HLA-B*07:02,0.0006314306,0,0
GNFYKKQA,HLA-B*07:02,0.0102734985,0,0
RQLPNETI,HLA-B*07:02,0.0044713677,0,0
ARKGGDLE,HLA-B*07:02,0.016705683,0,0
HFGPMTQE,HLA-B*07:02,0.00795585,0,0
TIRSNINN,HLA-B*07:02,0.047163326,0,0
LFFFVVGL,HLA-B*07:02,0.0020682132,0,0
LLPAMAGL,HLA-B*07:02,0.0010260327,0,0
PIKSFVKT,HLA-B*07:02,0.002784373,0,0
VGGEVKTI,HLA-B*07:02,0.0014526567,0,0
ELICPVCG,HLA-B*07:02,0.00023709754,0,0
SQEEFFHT,HLA-B*07:02,0.00030006887,0,0
ILEAYGLD,HLA-B*07:02,0.0048264684,0,0
TRAQSQVV,HLA-B*07:02,0.0006086517,0,0
RSSELTKH,HLA-B*07:02,0.002663726,0,0
VMMNNYGT,HLA-B*07:02,0.0028925405,0,0
ISPSMIEI,HLA-B*07:02,0.0012081221,0,0
DWHGVVQE,HLA-B*07:02,0.00072303344,0,0
REPQLRSD,HLA-B*07:02,0.00038378374,0,0
IWAMNGGQ,HLA-B*07:02,0.05006806,0,0
GLSHYQGG,HLA-B*07:02,0.003150894,0,0
IFLVAPSS,HLA-B*07:02,0.004450274,0,0
SMNSYIEA,HLA-B*07:02,0.11377148,0,0
AKSKFYGN,HLA-B*07:02,0.0010866108,0,0
GVLRIVLD,HLA-B*07:02,0.011301258,0,0
KKMVSYKE,HLA-B*07:02,0.006818718,0,0
IDSRLVGE,HLA-B*07:02,0.0013335948,0,0
AVANAELG,HLA-B*07:02,0.0043452466,0,0
SGIRIGTP,HLA-B*07:02,0.007752536,0,0
LKISAISL,HLA-B*07:02,0.016346214,0,0
VKDRTVGD,HLA-B*07:02,0.00113237,0,0
REGEGMIF,HLA-B*07:02,0.00026482853,0,0
NSLEEAFE,HLA-B*07:02,1.9512221e-05,0,0
FSNCSYIS,HLA-B*07:02,0.0027547376,0,0
SVSKLSTP,HLA-B*07:02,0.028224243,0,0
NVPNPFDK,HLA-B*07:02,0.00037089203,0,0
AQLVLEAE,HLA-B*07:02,0.000117358315,0,0
EIIILAVV,HLA-B*07:02,0.00034895624,0,0
SGLLRYLI,HLA-B*07:02,0.00039553447,0,0
IYRDGAGR,HLA-B*07:02,0.007738631,0,0
IEAIEQWR,HLA-B*07:02,0.00078179134,0,0
WLFSSDSK,HLA-B*07:02,0.00021497482,0,0
VKSKLIRN,HLA-B*07:02,0.030298056,0,0
GRDRVKVL,HLA-B*07:02,0.0020982868,0,0
PGIIKLKS,HLA-B*07:02,0.013121957,0,0
ATVRDTAD,HLA-B*07:02,0.0011313063,0,0
SQGEIVDA,HLA-B*07:02,0.0013512508,0,0
RFAMNPGL,HLA-B*07:02,0.023762047,0,0
YIDREGRP,HLA-B*07:02,0.002903914,0,0
DTVRMPSD,HLA-B*07:02,0.00043218795,0,0
GILFRDMT,HLA-B*07:02,0.0023965987,0,0
GPQTPKYY,HLA-B*07:02,0.9018672,1,0
YKELLSKF,HLA-B*07:02,0.00072100497,0,0
QDRASRTY,HLA-B*07:02,0.04108173,0,0
RGLDFSDR,HLA-B*07:02,5.1284693e-05,0,0
GTDSQPKP,HLA-B*07:02,0.0008962887,0,0
VPVHVNIE,HLA-B*07:02,0.32869807,0,0
THRILSRG,HLA-B*07:02,0.005268084,0,0
TDLVIAGE,HLA-B*07:02,0.00025724128,0,0
LDHRSFYF,HLA-B*07:02,0.002118995,0,0
LFEAAKTL,HLA-B*07:02,0.005792204,0,0
LPGLPGPP,HLA-B*07:02,0.9947331,1,0
EEEEQRLL,HLA-B*07:02,0.0021449428,0,0
ALLASAGS,HLA-B*07:02,0.0048488965,0,0
KYKDYSVN,HLA-B*07:02,0.001097916,0,0
TVRTDPVP,HLA-B*07:02,0.0019942997,0,0
SHAFQMDP,HLA-B*07:02,0.0009607331,0,0
PGYIHKPG,HLA-B*07:02,0.0016195617,0,0
GGDSGKIV,HLA-B*07:02,0.0016022429,0,0
CQSQSSIE,HLA-B*07:02,0.0009908165,0,0
GIQSASVN,HLA-B*07:02,0.0024747858,0,0
QARGDQIY,HLA-B*07:02,0.06150387,0,0
AKSRRIAN,HLA-B*07:02,0.0118337395,0,0
MTRQLAGA,HLA-B*07:02,0.01173847,0,0
VDPHDIWP,HLA-B*07:02,0.0008997786,0,0
HQWDQRRG,HLA-B*07:02,0.00092966564,0,0
TRDQALQE,HLA-B*07:02,4.5880402e-05,0,0
VTAEVTPH,HLA-B*07:02,0.0026047307,0,0
FDMYGIQF,HLA-B*07:02,0.003018516,0,0
GPVLESHE,HLA-B*07:02,0.6141949,1,0
YLTDQWYV,HLA-B*07:02,0.00020775983,0,0
GILDPEDA,HLA-B*07:02,0.014806253,0,0
REKSDGSL,HLA-B*07:02,0.015618351,0,0
ETEEAIVN,HLA-B*07:02,8.813954e-05,0,0
EFTERQPF,HLA-B*07:02,5.9982176e-05,0,0
GMTEGFDV,HLA-B*07:02,0.00043738278,0,0
ATFMVDMA,HLA-B*07:02,0.000741719,0,0
VYDLGGGT,HLA-B*07:02,0.0017199215,0,0
LVSITKPQ,HLA-B*07:02,0.35426986,0,0
KDSYTLLS,HLA-B*07:02,0.22884445,0,0
PNGVLEGP,HLA-B*07:02,0.000893472,0,0
TYTSWEDA,HLA-B*07:02,4.268189e-05,0,0
VELMSHSA,HLA-B*07:02,0.0029470718,0,0
SLPQIHAR,HLA-B*07:02,0.0005121285,0,0
TVAHGGSA,HLA-B*07:02,0.017233182,0,0
GLTWSVVE,HLA-B*07:02,0.0001384302,0,0
QTSKYELV,HLA-B*07:02,0.0045658886,0,0
RIAEEVVK,HLA-B*07:02,0.00017831822,0,0
IVKMIEDA,HLA-B*07:02,0.004611625,0,0
LARSYRLR,HLA-B*07:02,0.6513947,1,0
EPGLSSHY,HLA-B*07:02,0.35889047,0,0
RYVVLLPL,HLA-B*07:02,0.023246126,0,0
GDVPNSNI,HLA-B*07:02,0.022382637,0,0
GFFLDDGY,HLA-B*07:02,0.00095459254,0,0
AIANAKKG,HLA-B*07:02,0.003828419,0,0
KKVKPQVY,HLA-B*07:02,0.008947404,0,0
KHPFIQDL,HLA-B*07:02,0.0010025119,0,0
YRLITTKE,HLA-B*07:02,0.0024716777,0,0
SVQCERKP,HLA-B*07:02,0.002261311,0,0
GEHGGYKE,HLA-B*07:02,0.015196847,0,0
IACFAPQR,HLA-B*07:02,0.008803658,0,0
TSLFTMIP,HLA-B*07:02,0.00022080416,0,0
KVATLNVG,HLA-B*07:02,0.0007153204,0,0
DLKCIVDS,HLA-B*07:02,0.0001482706,0,0
KAQEHFVK,HLA-B*07:02,0.0023602939,0,0
MRRIKDIV,HLA-B*07:02,0.004353223,0,0
QHPKGAGA,HLA-B*07:02,0.0008717626,0,0
DGGIDKYK,HLA-B*07:02,8.0287275e-05,0,0
VRLDPGLP,HLA-B*07:02,0.026460892,0,0
FDNIGKVF,HLA-B*07:02,0.00043123728,0,0
RPLMLMIL,HLA-B*07:02,0.3347317,0,0
KRQNGDDP,HLA-B*07:02,1.7347982e-05,0,0
LDQPLYHQ,HLA-B*07:02,0.0112071615,0,0
TERFELFI,HLA-B*07:02,0.00053483254,0,0
VPAKIKSP,HLA-B*07:02,0.8090217,1,0
NHRQTFLL,HLA-B*07:02,0.1166427,0,0
KEHSTVEG,HLA-B*07:02,0.00819748,0,0
YDLTAMKV,HLA-B*07:02,0.00026243392,0,0
LYLVGSLS,HLA-B*07:02,0.010476963,0,0
IYYYISTP,HLA-B*07:02,0.0021264732,0,0
EQLSGFDK,HLA-B*07:02,4.827078e-06,0,0
ELKGPNGE,HLA-B*07:02,0.0104391435,0,0
ISRSRDKF,HLA-B*07:02,0.0008736515,0,0
GTRCALDL,HLA-B*07:02,0.0057299044,0,0
VMYEHPET,HLA-B*07:02,0.0040379683,0,0
RLQFYFLL,HLA-B*07:02,0.016252711,0,0
PAGCEVPS,HLA-B*07:02,0.0047100084,0,0
MLAVRKLA,HLA-B*07:02,0.038448736,0,0
SRLLPSRE,HLA-B*07:02,0.024935976,0,0
LPAIAVIG,HLA-B*07:02,0.22050059,0,0
VALVSCTT,HLA-B*07:02,0.012591867,0,0
MSFVENEK,HLA-B*07:02,6.1587256e-05,0,0
LPFEVSIK,HLA-B*07:02,0.39987102,0,0
PLLLSAQE,HLA-B*07:02,0.00046325446,0,0
IHMGTLGKA,HLA-B*07:02,0.05905389,0,0
CHYVNKKWL,HLA-B*07:02,0.128629,0,0
MYVDYKNIT,HLA-B*07:02,0.00027747249,0,0
TSFFRLDFY,HLA-B*07:02,1.7638535e-05,0,0
IMIRQLAPG,HLA-B*07:02,0.0005426487,0,0
MATTDTMRD,HLA-B*07:02,0.0011122746,0,0
IHEGDVLQF,HLA-B*07:02,0.22018315,0,0
MWVEKEGAY,HLA-B*07:02,0.0038226892,0,0
WLIRLVHKM,HLA-B*07:02,0.00144461,0,0
EWDDTIRFY,HLA-B*07:02,0.00069584494,0,0
QTNVLVDNC,HLA-B*07:02,5.7050278e-05,0,0
FEMIWDPNG,HLA-B*07:02,0.0020052446,0,0
ANVANNLIS,HLA-B*07:02,0.013169409,0,0
EKDRFRRKE,HLA-B*07:02,0.0004414715,0,0
KESGADWAI,HLA-B*07:02,0.042957082,0,0
MANQSEALK,HLA-B*07:02,0.0017226163,0,0
EIGIPYLDK,HLA-B*07:02,0.0050041648,0,0
AIVTSAAIE,HLA-B*07:02,0.0011145163,0,0
PADYVSEGE,HLA-B*07:02,0.0065769013,0,0
LYMVPQGIR,HLA-B*07:02,0.01799997,0,0
ISKTQLFVS,HLA-B*07:02,0.0018528097,0,0
DRHFADDYA,HLA-B*07:02,2.3942956e-05,0,0
GPQRSTSVS,HLA-B*07:02,0.9666467,1,0
PQAARVALP,HLA-B*07:02,0.004031903,0,0
TGAAKAISQ,HLA-B*07:02,0.0023636445,0,0
GYPIVRLAE,HLA-B*07:02,0.026257817,0,0
EGSLSVPPK,HLA-B*07:02,0.00022978763,0,0
RAGTSRGPI,HLA-B*07:02,0.015963249,0,0
LQGEYIDNR,HLA-B*07:02,0.00095553487,0,0
PENSLVWHQ,HLA-B*07:02,0.0010894311,0,0
GTATAPPDQ,HLA-B*07:02,0.0014935454,0,0
YKDRARLPL,HLA-B*07:02,0.090798095,0,0
RRFEAEDMT,HLA-B*07:02,6.352734e-05,0,0
VAKLIAKEG,HLA-B*07:02,0.02009462,0,0
KNDYQTYSE,HLA-B*07:02,0.0025060927,0,0
ILHGKKIYT,HLA-B*07:02,0.018476425,0,0
KKKSYINRT,HLA-B*07:02,0.014433961,0,0
NFGLFTLLK,HLA-B*07:02,0.0049330345,0,0
KAPHQDLPR,HLA-B*07:02,0.00049163983,0,0
IRKMLPYKK,HLA-B*07:02,0.00035889106,0,0
SMVTAQQSS,HLA-B*07:02,0.001311052,0,0
LAKVKGITQ,HLA-B*07:02,0.10738463,0,0
ILSVMGVDS,HLA-B*07:02,0.0049509285,0,0
DEQTGVSGR,HLA-B*07:02,4.928479e-06,0,0
GTESCDWVE,HLA-B*07:02,0.0020924709,0,0
VFSDIIYTV,HLA-B*07:02,0.010654521,0,0
NPTLKSRTP,HLA-B*07:02,0.89707637,1,0
DYGYHRFEN,HLA-B*07:02,0.00075092557,0,0
EAHDGACHQ,HLA-B*07:02,0.0010687496,0,0
RRVEESGAS,HLA-B*07:02,0.0020168792,0,0
KPIIQTETG,HLA-B*07:02,0.75505865,1,0
LRSWTANDI,HLA-B*07:02,0.0013221985,0,0
IPKDWKLCN,HLA-B*07:02,0.897426,1,0
GNDKAIASS,HLA-B*07:02,0.0050077224,0,0
VVDGAPIAP,HLA-B*07:02,0.18743432,0,0
FAHAVKEAG,HLA-B*07:02,0.40671596,0,0
AQDKVAVIQ,HLA-B*07:02,9.9899444e-05,0,0
HTPLEWNFR,HLA-B*07:02,7.7888836e-07,0,0
GVAPILAAL,HLA-B*07:02,0.9251055,1,0
SYALPLEIN,HLA-B*07:02,0.04090141,0,0
IGFEVIDNI,HLA-B*07:02,0.0004869057,0,0
MTPESTPSI,HLA-B*07:02,0.0046044337,0,0
QLGTVYDKA,HLA-B*07:02,6.2577433e-06,0,0
VPESFNVLV,HLA-B*07:02,0.1802357,0,0
AELDRFCTA,HLA-B*07:02,0.00016986721,0,0
VEISAYLDL,HLA-B*07:02,0.0084237885,0,0
SLTAIALIG,HLA-B*07:02,0.0008821464,0,0
ILKGLDYLH,HLA-B*07:02,0.007799676,0,0
QIDNAPEEK,HLA-B*07:02,0.00064397644,0,0
GDSITVAPA,HLA-B*07:02,0.0009471186,0,0
DTVKTCEIF,HLA-B*07:02,0.0068490854,0,0
AGNNLYQII,HLA-B*07:02,5.2682408e-05,0,0
NQVDETPED,HLA-B*07:02,0.0001527883,0,0
AETPHDILR,HLA-B*07:02,0.0019715813,0,0
ELMPVIRIY,HLA-B*07:02,0.006294052,0,0
PNSNDLTET,HLA-B*07:02,0.0036175582,0,0
NVANPYSFS,HLA-B*07:02,0.0037872777,0,0
ESEQLNSRS,HLA-B*07:02,3.735967e-05,0,0
HIIDEMIED,HLA-B*07:02,8.0676924e-05,0,0
GGVIDDLIV,HLA-B*07:02,0.0009259259,0,0
FAHVALCEL,HLA-B*07:02,0.50117254,1,0
YIGVTIGIF,HLA-B*07:02,0.53337586,1,0
HSETEMLRY,HLA-B*07:02,2.2413304e-05,0,0
DERAINKKK,HLA-B*07:02,0.00071634434,0,0
AVLEAYRDL,HLA-B*07:02,0.036159515,0,0
YVSESYPKG,HLA-B*07:02,0.02043799,0,0
FVSAQPTTK,HLA-B*07:02,0.0638863,0,0
FRTLPHPEF,HLA-B*07:02,0.31585693,0,0
CKLPVTKVT,HLA-B*07:02,0.011002944,0,0
NIIRVIPQG,HLA-B*07:02,0.03542741,0,0
YFQRIMTSM,HLA-B*07:02,0.13811892,0,0
KKDDEGIYE,HLA-B*07:02,0.00016881332,0,0
FGKADSLLI,HLA-B*07:02,0.033400837,0,0
ALIPYTPSN,HLA-B*07:02,0.124973096,0,0
HIHAQELRD,HLA-B*07:02,0.01162698,0,0
IASRTLVKD,HLA-B*07:02,0.030399816,0,0
SLLNDDIFS,HLA-B*07:02,1.9926112e-05,0,0
LGITIVRQP,HLA-B*07:02,0.005667368,0,0
LLLLAFIVQ,HLA-B*07:02,0.00075356785,0,0
LESAIDPDK,HLA-B*07:02,0.0018332142,0,0
LLVVPTKAY,HLA-B*07:02,0.13652135,0,0
ARIMMPASH,HLA-B*07:02,0.0036675993,0,0
VKEEGYLIM,HLA-B*07:02,0.0050318073,0,0
HPLSNPGEL,HLA-B*07:02,0.96213776,1,0
IANDVGGAP,HLA-B*07:02,0.27577695,0,0
IVQWDGNGN,HLA-B*07:02,0.0015385163,0,0
KEHSPPGEV,HLA-B*07:02,0.05751473,0,0
QRLSDAAVA,HLA-B*07:02,9.490684e-05,0,0
SPELADLTI,HLA-B*07:02,0.6737305,1,0
AADKEKSQN,HLA-B*07:02,0.0021245638,0,0
QKRAELIEQ,HLA-B*07:02,0.0022716692,0,0
IEMRLTKRI,HLA-B*07:02,0.01205165,0,0
HDEVYAKQV,HLA-B*07:02,0.0011667196,0,0
LPMNILEGI,HLA-B*07:02,0.8795656,1,0
HYMVVREEP,HLA-B*07:02,0.04329553,0,0
KTVLAPYIT,HLA-B*07:02,0.0005098335,0,0
LFTNAGMVQ,HLA-B*07:02,0.0012195272,0,0
CRKARIITK,HLA-B*07:02,0.002229413,0,0
LVPSYRGSS,HLA-B*07:02,0.046905387,0,0
SIELAKEFG,HLA-B*07:02,0.0030205087,0,0
QHWLLDGFP,HLA-B*07:02,0.0010785229,0,0
REIVAVFQP,HLA-B*07:02,0.007885838,0,0
NVSVEIYGV,HLA-B*07:02,0.0027316825,0,0
KHQKDFMGA,HLA-B*07:02,0.0003171101,0,0
LNPMHQLLR,HLA-B*07:02,0.0008187274,0,0
TEACAVEKV,HLA-B*07:02,7.0280934e-05,0,0
TTTTTTTTT,HLA-B*07:02,0.00028849614,0,0
YTSWPCLQS,HLA-B*07:02,0.18988398,0,0
GEVVVLYGD,HLA-B*07:02,0.0028454699,0,0
TALMIIHIL,HLA-B*07:02,0.01431304,0,0
APEYVNQLM,HLA-B*07:02,0.8560438,1,0
PRDPLGILT,HLA-B*07:02,0.018712249,0,0
PQFNQAEQY,HLA-B*07:02,0.00077735935,0,0
TNPSAKKFA,HLA-B*07:02,1.5776513e-05,0,0
YMEEEKIQI,HLA-B*07:02,0.0005665271,0,0
KIDEFLSFE,HLA-B*07:02,0.0009651561,0,0
KKLGELLKA,HLA-B*07:02,0.0011621165,0,0
LEKMEVEWL,HLA-B*07:02,0.0015685726,0,0
KVCDFGLAR,HLA-B*07:02,0.0499422,0,0
ITDAEREGI,HLA-B*07:02,0.00035286337,0,0
ILLRPTMQT,HLA-B*07:02,0.023314686,0,0
GELKQRLGE,HLA-B*07:02,0.0056918412,0,0
WFNYLFGGF,HLA-B*07:02,0.008603835,0,0
RQFEYVHGE,HLA-B*07:02,0.00040959558,0,0
ISEVRNNEV,HLA-B*07:02,7.535125e-05,0,0
IKNQLKQQL,HLA-B*07:02,0.040320855,0,0
LFGRSFRVV,HLA-B*07:02,0.019723685,0,0
EAQRYVALH,HLA-B*07:02,0.0006225876,0,0
IRRELKGEV,HLA-B*07:02,0.010962947,0,0
AKVDSLLGP,HLA-B*07:02,0.097077735,0,0
QNVAKSYLP,HLA-B*07:02,0.019599741,0,0
LQSSEATRK,HLA-B*07:02,0.000877406,0,0
FSILGPLRN,HLA-B*07:02,0.009038849,0,0
LTILIGVFV,HLA-B*07:02,0.0008227379,0,0
YRHADILLV,HLA-B*07:02,0.13106616,0,0
NYSIDFGVC,HLA-B*07:02,0.0012927725,0,0
KPASKLIGR,HLA-B*07:02,0.7374539,1,0
ERAKGAVDK,HLA-B*07:02,1.9649415e-05,0,0
ALVQLVLGE,HLA-B*07:02,0.0017490259,0,0
IRADDQEDT,HLA-B*07:02,0.0011627233,0,0
LRQIYGCPL,HLA-B*07:02,0.018023424,0,0
EELLKDLEA,HLA-B*07:02,0.00010871389,0,0
FAEFLPALF,HLA-B*07:02,0.16944098,0,0
NNSPPQQQP,HLA-B*07:02,0.36894798,0,0
LPRNRLSRH,HLA-B*07:02,0.945698,1,0
GREAAIVTD,HLA-B*07:02,0.0014513425,0,0
QRELEVLSE,HLA-B*07:02,0.0005804689,0,0
EEGLRFAIR,HLA-B*07:02,2.0352603e-05,0,0
KTWAVSSNN,HLA-B*07:02,0.00032252382,0,0
NIPDGTDFG,HLA-B*07:02,2.898534e-05,0,0
PEIMAGTGF,HLA-B*07:02,0.02231618,0,0
KCALEDETY,HLA-B*07:02,0.00026702494,0,0
LNIKRLMDI,HLA-B*07:02,0.00068343495,0,0
ECEGAETLL,HLA-B*07:02,0.0072341743,0,0
RYGIEDGIN,HLA-B*07:02,2.581568e-05,0,0
LGWTAMIAI,HLA-B*07:02,0.00030212593,0,0
LHYEYFSDF,HLA-B*07:02,0.020522699,0,0
LNMMNQDGV,HLA-B*07:02,0.0007871887,0,0
IREQLIFPE,HLA-B*07:02,0.0015950137,0,0
IINEILNGN,HLA-B*07:02,0.0026540917,0,0
PREDAFHIF,HLA-B*07:02,0.0019657575,0,0
QELLVNAGV,HLA-B*07:02,4.5451885e-05,0,0
ILEIKKQLF,HLA-B*07:02,0.013351931,0,0
VLNEARALF,HLA-B*07:02,0.035956305,0,0
LYNVQPDFE,HLA-B*07:02,0.00029043015,0,0
EEFYGMEDA,HLA-B*07:02,2.676203e-05,0,0
RRGEPAEPT,HLA-B*07:02,0.019638414,0,0
EPWEQSMFN,HLA-B*07:02,0.037848677,0,0
ELSLLLRRP,HLA-B*07:02,0.01599582,0,0
KLPISRWQR,HLA-B*07:02,0.0031805858,0,0
SSSSGSGSR,HLA-B*07:02,0.0056356387,0,0
MVRQKLIPN,HLA-B*07:02,0.025868569,0,0
EVLATGGDS,HLA-B*07:02,0.0038593286,0,0
ASIVEIQIS,HLA-B*07:02,0.00026640447,0,0
DHNIKVEKL,HLA-B*07:02,0.0036589564,0,0
MFMRTAGMV,HLA-B*07:02,0.013126212,0,0
LWVLDEAFT,HLA-B*07:02,0.00014537617,0,0
YAAELPGRL,HLA-B*07:02,0.3529469,0,0
ISAKDDFKK,HLA-B*07:02,0.00017492537,0,0
ATKAFIHFT,HLA-B*07:02,0.0020263968,0,0
RSDNMTVTP,HLA-B*07:02,0.0009112791,0,0
MEVDNEGLS,HLA-B*07:02,0.003637602,0,0
ISKAILNNE,HLA-B*07:02,0.0017094007,0,0
MIPIWLPPN,HLA-B*07:02,0.00072673056,0,0
ELTGSARPL,HLA-B*07:02,0.0066572223,0,0
LFNYLKQLK,HLA-B*07:02,0.0021334023,0,0
LAQTVVATW,HLA-B*07:02,0.00021028372,0,0
YIRQFEGKT,HLA-B*07:02,0.0021657692,0,0
DKMMNIGAE,HLA-B*07:02,0.060466755,0,0
GIKPGDEII,HLA-B*07:02,0.04158924,0,0
EEHLHEDEE,HLA-B*07:02,8.5864296e-05,0,0
PNLHGPEIL,HLA-B*07:02,0.0035824107,0,0
IEIRAGTGG,HLA-B*07:02,0.0026909155,0,0
RSSLDSLSD,HLA-B*07:02,0.035554785,0,0
KTGTLTENK,HLA-B*07:02,0.0006649157,0,0
YKSTRSAKP,HLA-B*07:02,0.0018624186,0,0
HARVALPGG,HLA-B*07:02,0.040266957,0,0
MLREPSLRG,HLA-B*07:02,0.2939762,0,0
LIQEFFQGF,HLA-B*07:02,0.006108498,0,0
RQGWALQVD,HLA-B*07:02,0.00090681243,0,0
DGLSTLQLA,HLA-B*07:02,0.00021442497,0,0
VKALTNTSV,HLA-B*07:02,0.06641688,0,0
NCTHGTLKP,HLA-B*07:02,0.0013211727,0,0
LLIVAVGKP,HLA-B*07:02,0.0012280933,0,0
RFSRLGIKL,HLA-B*07:02,0.056303233,0,0
VPLLNTSVL,HLA-B*07:02,0.9953151,1,0
LRLHPQIDL,HLA-B*07:02,0.014394446,0,0
RLVTISKDP,HLA-B*07:02,0.0026161987,0,0
FAGGRPQAT,HLA-B*07:02,0.16988157,0,0
DSRNGSVTY,HLA-B*07:02,7.7097575e-05,0,0
ADCLYFGDF,HLA-B*07:02,0.01955519,0,0
FTSLSNNVD,HLA-B*07:02,0.0040765735,0,0
AMIEDPELQ,HLA-B*07:02,0.019039145,0,0
TKFGDGGAD,HLA-B*07:02,0.020140199,0,0
GTTLFFMTR,HLA-B*07:02,0.0001628536,0,0
NNGIAPNAF,HLA-B*07:02,0.0062941657,0,0
LFKQVHDGK,HLA-B*07:02,0.00041898273,0,0
FLYFHIGRG,HLA-B*07:02,0.02703477,0,0
DRVTGLFLC,HLA-B*07:02,0.00026920927,0,0
AQRVAEGRL,HLA-B*07:02,0.083854295,0,0
DGTGRHISE,HLA-B*07:02,0.001528136,0,0
KDNISIIVI,HLA-B*07:02,0.01211973,0,0
ILAVLGLRS,HLA-B*07:02,0.041926425,0,0
LKPEDVMAI,HLA-B*07:02,0.0009973358,0,0
PLLKKNKPS,HLA-B*07:02,0.00045446254,0,0
KYSVTSPKE,HLA-B*07:02,0.027885972,0,0
KNIPEFVNT,HLA-B*07:02,0.00035020345,0,0
QQFQTHFSE,HLA-B*07:02,0.014830862,0,0
CFVAVETQG,HLA-B*07:02,0.002544196,0,0
AQENAEILL,HLA-B*07:02,0.0012108572,0,0
KGARAATAP,HLA-B*07:02,0.035833705,0,0
PNMQRQNVK,HLA-B*07:02,0.0014654673,0,0
NLKVMLGNF,HLA-B*07:02,0.030280769,0,0
GVFVLLDYL,HLA-B*07:02,0.042976826,0,0
KYFQGKPYY,HLA-B*07:02,0.00045837514,0,0
EDAYRVVQG,HLA-B*07:02,9.34354e-05,0,0
HETVRIAYS,HLA-B*07:02,0.00023154332,0,0
CIINTCAVT,HLA-B*07:02,0.0025959553,0,0
FYMGYSNVI,HLA-B*07:02,0.03997991,0,0
TLGADLILL,HLA-B*07:02,0.010707679,0,0
QESFGDVDF,HLA-B*07:02,0.0032698046,0,0
YAGQHEVIS,HLA-B*07:02,0.00076852617,0,0
GVFGNDAAE,HLA-B*07:02,0.22145188,0,0
IPEDKIRFR,HLA-B*07:02,0.7816223,1,0
ATMANEALM,HLA-B*07:02,0.05013881,0,0
AVEYRPSED,HLA-B*07:02,0.004010531,0,0
LARHSLIDM,HLA-B*07:02,0.22220412,0,0
VAEYTALQM,HLA-B*07:02,0.45016676,0,0
GGPFRGRKD,HLA-B*07:02,0.0020486836,0,0
KQGLEMRIK,HLA-B*07:02,0.00018421984,0,0
TKVEPGELY,HLA-B*07:02,0.08090366,0,0
INKRITEEQ,HLA-B*07:02,0.016349856,0,0
IPAAQLVVL,HLA-B*07:02,0.98436826,1,0
LIEQNRERR,HLA-B*07:02,0.04670329,0,0
LEVLDPEQN,HLA-B*07:02,0.012237164,0,0
MTLNTGDEY,HLA-B*07:02,0.00011431462,0,0
EKALCENLV,HLA-B*07:02,0.00012050454,0,0
REKILQVHL,HLA-B*07:02,0.0044901515,0,0
DLAVAEKRA,HLA-B*07:02,0.0001090403,0,0
RNIFLEIRA,HLA-B*07:02,0.00036412603,0,0
TINTYDKGD,HLA-B*07:02,0.00015081455,0,0
SAHAGQQGI,HLA-B*07:02,0.009437498,0,0
IGVVGGEED,HLA-B*07:02,0.0049712,0,0
LLTNHQHRD,HLA-B*07:02,0.00026514687,0,0
DSAEAAVSV,HLA-B*07:02,0.00028399355,0,0
LRNVLGKSS,HLA-B*07:02,0.026329175,0,0
PHCVSDYHR,HLA-B*07:02,0.0006217886,0,0
TGGCAWAVG,HLA-B*07:02,5.1360745e-05,0,0
AELDVRDRD,HLA-B*07:02,0.0004986309,0,0
GMPRARVHA,HLA-B*07:02,0.00023091146,0,0
YFRLLLPGT,HLA-B*07:02,0.02951377,0,0
QGAASDERK,HLA-B*07:02,0.0016504806,0,0
QLVLRYLVP,HLA-B*07:02,0.020305634,0,0
PNDPEKPFV,HLA-B*07:02,0.00088570744,0,0
VPRSVLSEL,HLA-B*07:02,0.9947825,1,0
QGAGCSESQ,HLA-B*07:02,0.038593166,0,0
CAHGAAYDV,HLA-B*07:02,0.013970035,0,0
HTFGHCCPK,HLA-B*07:02,0.00074650114,0,0
LAVTTPDAA,HLA-B*07:02,0.010316558,0,0
LIMALILGR,HLA-B*07:02,0.07240682,0,0
NVFIGPNCG,HLA-B*07:02,0.0003104326,0,0
YTLLVSMAP,HLA-B*07:02,0.01034381,0,0
DHEDAKGKD,HLA-B*07:02,0.00010100195,0,0
HELHGDRNY,HLA-B*07:02,3.7261074e-05,0,0
AEEAQTEFT,HLA-B*07:02,0.00081198744,0,0
LGLAGFDWL,HLA-B*07:02,0.00066137116,0,0
VLTVKKWDN,HLA-B*07:02,0.0012268458,0,0
PVVVGGSML,HLA-B*07:02,0.46293595,0,0
AIPEKRIDI,HLA-B*07:02,0.0061256695,0,0
INNNNQDDH,HLA-B*07:02,0.0003780219,0,0
VKTDEGAII,HLA-B*07:02,4.2513144e-05,0,0
DAESYGIKS,HLA-B*07:02,0.0011050106,0,0
DKYIWLFHQ,HLA-B*07:02,0.0002834501,0,0
DTARFRYLL,HLA-B*07:02,0.008929662,0,0
HAKDSQRYK,HLA-B*07:02,0.009098437,0,0
ASSSTPSPS,HLA-B*07:02,0.012412913,0,0
LRQEEDRFF,HLA-B*07:02,0.0008671064,0,0
SQSGHKRIE,HLA-B*07:02,0.04839032,0,0
DLVEYPDYR,HLA-B*07:02,4.96725e-05,0,0
AVMFCVMDV,HLA-B*07:02,0.0074874633,0,0
KGNEERKRI,HLA-B*07:02,0.0014246432,0,0
VEEAFRLFN,HLA-B*07:02,0.0007139698,0,0
ADNHFEAQA,HLA-B*07:02,0.00010981623,0,0
SGIENYSRF,HLA-B*07:02,0.050072633,0,0
NLSAMAANG,HLA-B*07:02,0.00036710734,0,0
LKETYDTFK,HLA-B*07:02,0.00010221366,0,0
ARWLTGNSI,HLA-B*07:02,0.025505632,0,0
DAESFKPER,HLA-B*07:02,0.0004687249,0,0
KSVIDKERR,HLA-B*07:02,0.002456093,0,0
YSLKLNNLG,HLA-B*07:02,0.00011432017,0,0
WDSMGRAMEL,HLA-B*07:02,0.004404347,0,0
DVPFTITDAT,HLA-B*07:02,0.016025642,0,0
MSFEAAHEFC,HLA-B*07:02,0.0019543606,0,0
DIPSKEDLQN,HLA-B*07:02,5.342358e-05,0,0
KPAQILAKLC,HLA-B*07:02,0.9261061,1,0
ESQPDRVVEK,HLA-B*07:02,0.0021070694,0,0
TESLFNGNLS,HLA-B*07:02,0.0016123104,0,0
SDSTNGTGVQ,HLA-B*07:02,0.00857292,0,0
NGVVRAWIGE,HLA-B*07:02,0.00010454248,0,0
TFHTGGVFSG,HLA-B*07:02,0.00025261677,0,0
FIPNEEVGTL,HLA-B*07:02,2.7438597e-05,0,0
TFDQLKLEFS,HLA-B*07:02,0.0052729785,0,0
PLPQEYQYFD,HLA-B*07:02,2.6576472e-05,0,0
PSPPPFTKVV,HLA-B*07:02,0.011608529,0,0
FYAVFMVADS,HLA-B*07:02,0.0021930889,0,0
MAMDTFIVLE,HLA-B*07:02,0.1461768,0,0
AYLLQQQGYQ,HLA-B*07:02,7.602885e-05,0,0
KNPWPNVDAH,HLA-B*07:02,0.00010320521,0,0
VVELAKKTGA,HLA-B*07:02,0.0031722893,0,0
LAAGVVLNAP,HLA-B*07:02,0.0100455005,0,0
QNPDVIDQGV,HLA-B*07:02,0.00015943887,0,0
PAQLILMGLM,HLA-B*07:02,0.22048181,0,0
ERFQKFVDNA,HLA-B*07:02,1.3818593e-05,0,0
GALAIAIIFA,HLA-B*07:02,0.019936258,0,0
RDTSLNGFYI,HLA-B*07:02,1.9084202e-05,0,0
YIVFHVEPHE,HLA-B*07:02,0.0037752339,0,0
DDEDQVLRWA,HLA-B*07:02,8.0290185e-05,0,0
LDLLPQKVKP,HLA-B*07:02,0.005914051,0,0
RLVADQIRGL,HLA-B*07:02,0.004314549,0,0
VINTMCPGMV,HLA-B*07:02,0.012175796,0,0
YSSIAAKNAE,HLA-B*07:02,0.000106289415,0,0
SGEVVEPDDN,HLA-B*07:02,9.60894e-05,0,0
FSEPIEQVVT,HLA-B*07:02,0.007174667,0,0
KYAGMLETLK,HLA-B*07:02,0.32166442,0,0
GGQVFAQTTN,HLA-B*07:02,0.00011898909,0,0
LILPLGLSQV,HLA-B*07:02,0.31902826,0,0
RFPTHVKDVA,HLA-B*07:02,2.1764128e-05,0,0
KIVVVAGLDG,HLA-B*07:02,0.023346974,0,0
DNLATINVWE,HLA-B*07:02,0.00031932656,0,0
WSMGPMNTLN,HLA-B*07:02,0.111465186,0,0
TLSDTLVGGS,HLA-B*07:02,0.0005174406,0,0
PWGGNQGGNP,HLA-B*07:02,0.010901041,0,0
GNKVFNCISY,HLA-B*07:02,0.0007466705,0,0
DESCRPQYRE,HLA-B*07:02,1.6154749e-05,0,0
SVVSFTFICY,HLA-B*07:02,0.0047499333,0,0
YRDLMNAAKR,HLA-B*07:02,0.0003258826,0,0
PPEPAGRSCI,HLA-B*07:02,0.98508334,1,0
LDTTAEITCD,HLA-B*07:02,7.877189e-06,0,0
LLLFISFLCI,HLA-B*07:02,0.00093001744,0,0
KKKILDKEFS,HLA-B*07:02,0.008389278,0,0
YLRGILNRLP,HLA-B*07:02,0.2204057,0,0
IDLITTLVGE,HLA-B*07:02,0.004949054,0,0
THFSISRYEV,HLA-B*07:02,0.00088695524,0,0
LGALRLTIGK,HLA-B*07:02,0.0016149476,0,0
AISAKIEKVL,HLA-B*07:02,0.2791836,0,0
TGIIKDIGST,HLA-B*07:02,0.00013060418,0,0
AAEQTRALTE,HLA-B*07:02,0.013044238,0,0
VIVSRALPDA,HLA-B*07:02,0.005862931,0,0
QQTVIVLAID,HLA-B*07:02,0.001641361,0,0
SLIGMRYIEP,HLA-B*07:02,0.004691289,0,0
PAVIHENASQ,HLA-B*07:02,0.0047697597,0,0
GDACAVDIDG,HLA-B*07:02,8.082415e-05,0,0
KPWEPLVEEP,HLA-B*07:02,0.87076956,1,0
QAPKVRLQED,HLA-B*07:02,0.01613297,0,0
GHKVNIDHRD,HLA-B*07:02,0.009657266,0,0
TAGLGRDAFV,HLA-B*07:02,0.05702976,0,0
WMTERVGKLI,HLA-B*07:02,0.00031800984,0,0
STSISAALGM,HLA-B*07:02,0.003023418,0,0
HYYLKEHHEH,HLA-B*07:02,0.00016418092,0,0
EQNDEISRLP,HLA-B*07:02,0.00059393456,0,0
AENCSILMLM,HLA-B*07:02,0.40869513,0,0
FEEQVALDSG,HLA-B*07:02,0.0016697611,0,0
FFSSNPTMKK,HLA-B*07:02,0.07466625,0,0
REITFDACLA,HLA-B*07:02,0.00014589526,0,0
LLPGPRVVYS,HLA-B*07:02,0.019381734,0,0
AKDRRALVLK,HLA-B*07:02,0.0813803,0,0
DQAREFTVPV,HLA-B*07:02,0.00058164354,0,0
SETACPVIAM,HLA-B*07:02,8.1221595e-05,0,0
EALVEIENKT,HLA-B*07:02,0.0012639584,0,0
IIIIAADDGI,HLA-B*07:02,6.5013846e-05,0,0
NAEVTGGMNG,HLA-B*07:02,0.030698916,0,0
TYGATLCNML,HLA-B*07:02,0.04340037,0,0
SIDRSIAYAR,HLA-B*07:02,0.0008804183,0,0
EILLFSLEFI,HLA-B*07:02,0.0019843339,0,0
GGQTLEHGTL,HLA-B*07:02,0.00017477066,0,0
FAVSVPLRVS,HLA-B*07:02,0.09068054,0,0
GGMRVVSGSK,HLA-B*07:02,0.0008436679,0,0
EVDSPVYNAT,HLA-B*07:02,0.0016523863,0,0
CEDDMFSGLS,HLA-B*07:02,0.0013297176,0,0
EYSSTIYRKI,HLA-B*07:02,0.0021080642,0,0
EIYEKSGQFP,HLA-B*07:02,0.019067744,0,0
QMTLKKIIQT,HLA-B*07:02,0.0014363403,0,0
LLRGTTGVVA,HLA-B*07:02,0.2530769,0,0
NTKTYADLKH,HLA-B*07:02,5.0470764e-05,0,0
ALFAGNLLRM,HLA-B*07:02,0.0033294032,0,0
DVDLLAPRSP,HLA-B*07:02,0.0009229862,0,0
SKAATQKARQ,HLA-B*07:02,0.031026058,0,0
DFWLTTDYAN,HLA-B*07:02,5.9201375e-05,0,0
NSDDMDGSSF,HLA-B*07:02,0.0003235216,0,0
KDLVEARGHR,HLA-B*07:02,6.137637e-05,0,0
GLVVCHHTSA,HLA-B*07:02,0.005030583,0,0
HKTASLLFGE,HLA-B*07:02,0.0003337468,0,0
EDPLTTVGLL,HLA-B*07:02,0.0029342945,0,0
ERIWYLDIIR,HLA-B*07:02,7.06696e-06,0,0
VLAEVKKQIG,HLA-B*07:02,0.012803193,0,0
GSRTANAGPV,HLA-B*07:02,0.001036895,0,0
ELENSDYHVT,HLA-B*07:02,1.3643545e-05,0,0
ETKADASAVF,HLA-B*07:02,0.00072334695,0,0
RMPKTSSDKI,HLA-B*07:02,0.0001444757,0,0
GVVSVASHLV,HLA-B*07:02,0.056604214,0,0
GLNKVVTETF,HLA-B*07:02,0.0008673679,0,0
SYANDFIDES,HLA-B*07:02,0.00026055533,0,0
RILVRPSGTE,HLA-B*07:02,0.0005758275,0,0
LSDCSSNEST,HLA-B*07:02,0.000369827,0,0
NDEKALLEQL,HLA-B*07:02,0.0018715344,0,0
GFETRSYSDH,HLA-B*07:02,0.0006824811,0,0
SQRQATKDAG,HLA-B*07:02,0.0034283556,0,0
SYDDIAGIVN,HLA-B*07:02,0.0001390492,0,0
ALMNKDFRQA,HLA-B*07:02,0.002186401,0,0
RETPHGNRLV,HLA-B*07:02,0.040951397,0,0
LDRIFPFKKC,HLA-B*07:02,0.0011671253,0,0
NITIWSPDNP,HLA-B*07:02,0.000104658284,0,0
LYERTVEVFD,HLA-B*07:02,0.026721537,0,0
ALKVVDIMGD,HLA-B*07:02,0.0006131799,0,0
LLSMLGPPPH,HLA-B*07:02,0.011618808,0,0
FEIYDAIHPN,HLA-B*07:02,0.0009797235,0,0
TSADSVFQIA,HLA-B*07:02,0.00038382583,0,0
CVNAQTSALC,HLA-B*07:02,0.23279804,0,0
LAGWTPRLGT,HLA-B*07:02,0.35792208,0,0
GYLNLSPPRG,HLA-B*07:02,0.0004360822,0,0
LDDQEIRRLG,HLA-B*07:02,0.023400446,0,0
NFGGGGLSPG,HLA-B*07:02,0.4401863,0,0
ANIGTSPEHH,HLA-B*07:02,0.038615603,0,0
MFRTKLLLEA,HLA-B*07:02,0.052409172,0,0
RFFAFHFIFP,HLA-B*07:02,0.0025690321,0,0
FEEELIDHEH,HLA-B*07:02,0.0004995824,0,0
EQYFDNFDQD,HLA-B*07:02,4.4091496e-05,0,0
WNMMRKDEVE,HLA-B*07:02,6.815964e-05,0,0
GSFSLHYRES,HLA-B*07:02,0.0022449796,0,0
LSQLTKANEK,HLA-B*07:02,0.0019187443,0,0
PIWKGPARLL,HLA-B*07:02,0.065418884,0,0
TKLTVLGALS,HLA-B*07:02,0.0037398716,0,0
FLAKSLKFKF,HLA-B*07:02,0.0018452668,0,0
GFLAQNYCTL,HLA-B*07:02,0.0008133759,0,0
TFVLTGTLPT,HLA-B*07:02,0.36882263,0,0
LKNPYFRYTG,HLA-B*07:02,0.041920103,0,0
AEIAAVIVEP,HLA-B*07:02,0.00035965827,0,0
SSGGGIDGAH,HLA-B*07:02,0.00083998597,0,0
LLRMMTSWAI,HLA-B*07:02,0.0014478423,0,0
EEFFHTFNAL,HLA-B*07:02,0.00041621248,0,0
WWYKADPNEF,HLA-B*07:02,0.0003357476,0,0
TATAAAAKAK,HLA-B*07:02,3.729346e-05,0,0
LSNRPIVLPD,HLA-B*07:02,0.13109124,0,0
AQLVSNALVN,HLA-B*07:02,0.00035623566,0,0
LLALVSFLAW,HLA-B*07:02,0.002362788,0,0
PTSPTRLSHS,HLA-B*07:02,0.80305094,1,0
RTVISNIHKG,HLA-B*07:02,0.00035322335,0,0
NVESNEKLEF,HLA-B*07:02,0.0068345014,0,0
QPISFAHHIL,HLA-B*07:02,0.37467742,0,0
HKKKKFGYKR,HLA-B*07:02,0.00031930342,0,0
SLVINVARVK,HLA-B*07:02,0.001115866,0,0
LIEDHMTGKR,HLA-B*07:02,0.0004698233,0,0
LGAILLRWRY,HLA-B*07:02,0.0019182276,0,0
VSRSALDIVG,HLA-B*07:02,0.00073832547,0,0
LCYGSTLCPD,HLA-B*07:02,0.10666651,0,0
PVRISTFWGF,HLA-B*07:02,0.13324594,0,0
DVGKYLLAVA,HLA-B*07:02,0.027596354,0,0
GRSNAGKSSA,HLA-B*07:02,0.012860636,0,0
IRRLTEAGMP,HLA-B*07:02,0.010306904,0,0
LRAQGVVYPN,HLA-B*07:02,0.00020320714,0,0
SVRGGKVIAS,HLA-B*07:02,0.025454452,0,0
TIKLQIRQSP,HLA-B*07:02,0.03565155,0,0
ANPEDFVVVE,HLA-B*07:02,0.00010508831,0,0
LAYHKKGSIE,HLA-B*07:02,0.018012311,0,0
EPQRPRIMIE,HLA-B*07:02,0.75728136,1,0
SHSIRWPGPL,HLA-B*07:02,0.029624546,0,0
IPAASEEQLL,HLA-B*07:02,0.9970605,1,0
AAAGVTAIVH,HLA-B*07:02,0.012977317,0,0
KASMLEVPRA,HLA-B*07:02,0.00035024603,0,0
VFGDVLQQIK,HLA-B*07:02,0.002421014,0,0
YVVRGSRFYQ,HLA-B*07:02,0.0039852103,0,0
LKPMNCPCHV,HLA-B*07:02,0.00094808097,0,0
LVFGYFFSTL,HLA-B*07:02,0.2611697,0,0
IIFANTKHRC,HLA-B*07:02,0.006840868,0,0
LNITKRESEC,HLA-B*07:02,0.017534109,0,0
LFVKLIKECK,HLA-B*07:02,0.0051558088,0,0
AEVANTILGL,HLA-B*07:02,0.07024574,0,0
VAGRTDTGVH,HLA-B*07:02,0.010303957,0,0
GAYELEEKKK,HLA-B*07:02,0.0030220395,0,0
FNPSKSVDHA,HLA-B*07:02,0.00024741422,0,0
LQHYALQRDI,HLA-B*07:02,0.00078691536,0,0
EDGVKQCDRY,HLA-B*07:02,0.00019115096,0,0
IVFALFMTVE,HLA-B*07:02,0.0010877879,0,0
KYGSLDTIDD,HLA-B*07:02,0.00022066379,0,0
IFCLPDTPMS,HLA-B*07:02,0.066458344,0,0
EMRRAFIRII,HLA-B*07:02,0.000387967,0,0
SKYTHIRSHT,HLA-B*07:02,0.122443095,0,0
FCATGQSGLT,HLA-B*07:02,0.022766389,0,0
PSPSPNPFLP,HLA-B*07:02,0.0060929027,0,0
DNGCGIPKEE,HLA-B*07:02,0.00021271873,0,0
IARASGREVE,HLA-B*07:02,0.13999753,0,0
EVAKRRGISS,HLA-B*07:02,0.001206592,0,0
SAAPTPRSRA,HLA-B*07:02,0.717384,1,0
VMLKLSIPTQ,HLA-B*07:02,8.290116e-05,0,0
DEEGNPWTAH,HLA-B*07:02,0.0017076934,0,0
FNPQKIVIAG,HLA-B*07:02,0.0004456509,0,0
GLGHSSVKDA,HLA-B*07:02,0.00035056792,0,0
HHSAIQKSTK,HLA-B*07:02,0.014988277,0,0
SERKALWHLL,HLA-B*07:02,0.20371525,0,0
AAILAQFQLR,HLA-B*07:02,0.12409551,0,0
NDQRQPVPVD,HLA-B*07:02,5.637716e-05,0,0
TLIFVFAGQG,HLA-B*07:02,0.0001658293,0,0
ANRHADRYAE,HLA-B*07:02,0.00041965148,0,0
TDQLVVPPWN,HLA-B*07:02,5.7058653e-05,0,0
PSWNDLMARL,HLA-B*07:02,0.0023696949,0,0
FGSLLGLCLI,HLA-B*07:02,0.12860078,0,0
DTDPDSQPFS,HLA-B*07:02,0.0014789721,0,0
RIPREGAKTK,HLA-B*07:02,9.972793e-05,0,0
KTTFGIFTLC,HLA-B*07:02,0.01668709,0,0
ALDQLQTDVP,HLA-B*07:02,0.00017267658,0,0
WSQAGNERLP,HLA-B*07:02,0.00318636,0,0
LILEVNHIGY,HLA-B*07:02,0.0004641305,0,0
ARSVARGLAY,HLA-B*07:02,0.016400093,0,0
SLKNNFVLVR,HLA-B*07:02,0.0010566612,0,0
QLLNPGGILL,HLA-B*07:02,0.04255015,0,0
GDTVAQTYKA,HLA-B*07:02,0.0005023432,0,0
RSGHSDSNGF,HLA-B*07:02,0.00025555698,0,0
DARNLLAYKQ,HLA-B*07:02,0.0005682993,0,0
YIPNDEDIIR,HLA-B*07:02,5.297311e-06,0,0
VVWTTTPFTI,HLA-B*07:02,0.0018933086,0,0
DNESIKQGKK,HLA-B*07:02,4.2792133e-05,0,0
ALESISFLLS,HLA-B*07:02,0.025821129,0,0
MIPFFDFSVV,HLA-B*07:02,0.0005562784,0,0
EQVIVTAAAL,HLA-B*07:02,0.0004361452,0,0
PEKMKATRDV,HLA-B*07:02,0.00414336,0,0
IGKITGSKDT,HLA-B*07:02,0.01332029,0,0
VSTERRLALA,HLA-B*07:02,0.090727106,0,0
GAIRGAVVDT,HLA-B*07:02,0.023805495,0,0
DMGFGACKTY,HLA-B*07:02,0.00014219845,0,0
GPVRFVNVPS,HLA-B*07:02,0.7502213,1,0
RPAAATVLQQ,HLA-B*07:02,0.8128652,1,0
SEELRFVDGV,HLA-B*07:02,0.00010031747,0,0
MPDRGAPLPE,HLA-B*07:02,0.7236876,1,0
AVALAKKVWQ,HLA-B*07:02,0.03383949,0,0
EKQTRIDELA,HLA-B*07:02,0.00036522423,0,0
EFPDRMMATF,HLA-B*07:02,8.077323e-05,0,0
ILLAGMTLIF,HLA-B*07:02,0.0011967915,0,0
GAVRYDIVSK,HLA-B*07:02,0.020908792,0,0
KIIFVDLRDH,HLA-B*07:02,0.00917781,0,0
TASEQGHLLS,HLA-B*07:02,0.19260527,0,0
FVKKLGHPDS,HLA-B*07:02,0.023084328,0,0
RTCFMDCGGY,HLA-B*07:02,0.0004482293,0,0
EEWAGFRARE,HLA-B*07:02,0.00014740688,0,0
LVEFILNGKI,HLA-B*07:02,0.00095971854,0,0
AFAELVRYTQ,HLA-B*07:02,0.0013258588,0,0
KARSREPITA,HLA-B*07:02,0.0071061985,0,0
TKALKRITIN,HLA-B*07:02,0.0026399838,0,0
TEDLFSSLKG,HLA-B*07:02,0.00020094823,0,0
EGFLRSERSL,HLA-B*07:02,0.00078247674,0,0
PPPSNHCATQ,HLA-B*07:02,0.92910063,1,0
TAEAGGSPRI,HLA-B*07:02,0.00027545003,0,0
LLRKHQIITD,HLA-B*07:02,0.0007927219,0,0
FIDLAAPKAV,HLA-B*07:02,0.0009925347,0,0
GQQTWAPERP,HLA-B*07:02,0.00012674984,0,0
YAKVDIPMLP,HLA-B*07:02,0.54598093,1,0
FIEDAYVIVP,HLA-B*07:02,7.1821014e-05,0,0
YKLITGFKET,HLA-B*07:02,0.016538024,0,0
GRMGGEQITI,HLA-B*07:02,0.00039457978,0,0
AASTGKSAAK,HLA-B*07:02,0.017177844,0,0
TVCHWDINAN,HLA-B*07:02,4.038241e-05,0,0
PPNYPPYPPS,HLA-B*07:02,0.98694116,1,0
QNFPSNGVRL,HLA-B*07:02,0.011880378,0,0
GFKGHGMLAP,HLA-B*07:02,0.043102667,0,0
MGLSEKLAVL,HLA-B*07:02,0.0018665503,0,0
ETSPESPCPK,HLA-B*07:02,0.001995098,0,0
HNPDLPSSTT,HLA-B*07:02,0.0009809223,0,0
DPATGGTFVV,HLA-B*07:02,0.11931117,0,0
KPFDCVDCGK,HLA-B*07:02,0.03936269,0,0
GYGIQELGSV,HLA-B*07:02,0.0008380584,0,0
GTTCAGTGLE,HLA-B*07:02,0.0034645805,0,0
IVQLPVPDHI,HLA-B*07:02,0.01759199,0,0
AVKAVGEELC,HLA-B*07:02,0.48013377,0,0
KNNKVVSNKV,HLA-B*07:02,9.92442e-05,0,0
VDTTAGGGFG,HLA-B*07:02,0.0026919204,0,0
QQRSQYTVQL,HLA-B*07:02,0.02318206,0,0
RDSRWTTKTT,HLA-B*07:02,0.016646298,0,0
NRPKVATILR,HLA-B*07:02,0.0001353338,0,0
QLVAEHGRQY,HLA-B*07:02,0.0008554033,0,0
WEVPLLAVIS,HLA-B*07:02,0.009573829,0,0
SMRADSVSSS,HLA-B*07:02,0.018945895,0,0
KKAYPHLQFK,HLA-B*07:02,0.8774133,1,0
KTQQISRIYL,HLA-B*07:02,0.0013480053,0,0
PEEANQLRRA,HLA-B*07:02,0.009431263,0,0
APTEAEAQCA,HLA-B*07:02,0.16998985,0,0
PSNMGSSVGI,HLA-B*07:02,0.00032764365,0,0
QKAASPARFI,HLA-B*07:02,0.016202651,0,0
QAIETMKIIR,HLA-B*07:02,0.002683994,0,0
VLVDISMTPV,HLA-B*07:02,0.0037179657,0,0
LNAWPDNVSL,HLA-B*07:02,0.012757338,0,0
YKYRETIFPV,HLA-B*07:02,0.00040620388,0,0
GKLLPNFIFV,HLA-B*07:02,0.060114596,0,0
EAYLEGTMPT,HLA-B*07:02,0.016366253,0,0
YNLLQPQLLN,HLA-B*07:02,0.0045484556,0,0
KLNVFRMELL,HLA-B*07:02,0.052824855,0,0
VIRIGGIFEY,HLA-B*07:02,0.011299117,0,0
DKTEFELIRW,HLA-B*07:02,1.7580447e-05,0,0
AVIEHNADLG,HLA-B*07:02,0.041866172,0,0
VSARESPVSS,HLA-B*07:02,0.0006746488,0,0
VLNGGDGLHS,HLA-B*07:02,0.0034167434,0,0
SYSILTYSLR,HLA-B*07:02,0.04493439,0,0
QLQAVWDLMK,HLA-B*07:02,0.0009358556,0,0
GIRNVRILHL,HLA-B*07:02,0.25423113,0,0
ILKCKGWETD,HLA-B*07:02,0.0046676123,0,0
YNVNADTAAG,HLA-B*07:02,0.0013903553,0,0
DVALNGLQVA,HLA-B*07:02,0.19001348,0,0
GKTFGRRAAL,HLA-B*07:02,0.08107362,0,0
GRALYAALTA,HLA-B*07:02,0.0028600676,0,0
LRGKNKPQFT,HLA-B*07:02,0.5830662,1,0
LVTDQGFLQE,HLA-B*07:02,0.005107663,0,0
DNKLREDLER,HLA-B*07:02,3.624883e-05,0,0
VQVVKFTEEL,HLA-B*07:02,0.018836226,0,0
QCLMVLNSPG,HLA-B*07:02,0.0028805565,0,0
SIENAPRYRK,HLA-B*07:02,0.0007432062,0,0
ENPSSKHLQL,HLA-B*07:02,0.00076688593,0,0
SEQNGVLTNG,HLA-B*07:02,0.0003939596,0,0
VLEMMEMKHL,HLA-B*07:02,0.0001637622,0,0
PRVRDHYRAT,HLA-B*07:02,0.007710591,0,0
NGRRALLNLG,HLA-B*07:02,0.11275173,0,0
AAGEKTGVVF,HLA-B*07:02,0.11570948,0,0
VFPFKRDNED,HLA-B*07:02,0.00045502977,0,0
FLVDKTGRRFL,HLA-B*07:02,0.023780046,0,0
GFGADLGAEKF,HLA-B*07:02,0.024491835,0,0
AIHVVDAKALP,HLA-B*07:02,0.0025077118,0,0
GKGGLAIGIQN,HLA-B*07:02,0.0036640235,0,0
RALNIEKSDLL,HLA-B*07:02,0.016834658,0,0
GVSKLLSLKTL,HLA-B*07:02,0.38145828,0,0
LSALLMTSGLA,HLA-B*07:02,0.02828619,0,0
IIDTSDISQIK,HLA-B*07:02,0.00022819315,0,0
LNTAVSGAADP,HLA-B*07:02,0.00031418866,0,0
QQLLPMGPVAS,HLA-B*07:02,0.0025340612,0,0
RSYYWIGIRKI,HLA-B*07:02,0.00026155065,0,0
LDESDWEGWAY,HLA-B*07:02,0.00013725828,0,0
NDSDLFGLGLE,HLA-B*07:02,0.0007576492,0,0
QTLTMVYSSAQ,HLA-B*07:02,8.5940395e-05,0,0
NQNKTFRNTMA,HLA-B*07:02,0.0030500742,0,0
VFMITHQMENV,HLA-B*07:02,0.0040591466,0,0
GAQTCVFPKET,HLA-B*07:02,0.00018408727,0,0
IFDHLNKIPDQ,HLA-B*07:02,0.00024252124,0,0
TRTLQVEGKTV,HLA-B*07:02,4.956925e-05,0,0
LSPLWSDALAG,HLA-B*07:02,0.0017039492,0,0
GQTMSSYQNTQ,HLA-B*07:02,0.0021686794,0,0
ENESANAGYKF,HLA-B*07:02,2.0599146e-06,0,0
LHQRIHTGEKP,HLA-B*07:02,0.0061425734,0,0
SMARKRQQEDH,HLA-B*07:02,0.012773215,0,0
VKIKELKSHEN,HLA-B*07:02,0.00044894018,0,0
IRGFYGIEHVL,HLA-B*07:02,0.009948449,0,0
YKIFQMDHTGP,HLA-B*07:02,0.000239054,0,0
NVEIAYANEHG,HLA-B*07:02,6.0975523e-05,0,0
LFTCGTNAFTP,HLA-B*07:02,0.015927522,0,0
WLDNLSRSLVQ,HLA-B*07:02,0.009315274,0,0
VSTATYSGILA,HLA-B*07:02,0.0009798085,0,0
SQALGVSSGLL,HLA-B*07:02,0.018638998,0,0
VSCSGGMSLEG,HLA-B*07:02,0.012420006,0,0
LPKVFSWLAAH,HLA-B*07:02,0.73698604,1,0
KNSYLYRSNAT,HLA-B*07:02,0.0040673898,0,0
VNGRIKTYDSI,HLA-B*07:02,0.0011306303,0,0
GNRDFLVGETY,HLA-B*07:02,0.0064746486,0,0
EASNVEIDLYT,HLA-B*07:02,0.00094712223,0,0
SNSNSSSSSRS,HLA-B*07:02,0.005888807,0,0
LERLMTLSNEI,HLA-B*07:02,0.04804398,0,0
RMAEVGVRSGW,HLA-B*07:02,0.008009008,0,0
TKVDRSAAYAA,HLA-B*07:02,0.00046318647,0,0
RRSPQSPNGTI,HLA-B*07:02,0.02886238,0,0
KEADALKHKSQ,HLA-B*07:02,0.00042834313,0,0
EPTHDLTAPLS,HLA-B*07:02,0.93595946,1,0
APPGSAAPPGS,HLA-B*07:02,0.9468677,1,0
HTFGHGKAESL,HLA-B*07:02,0.053478874,0,0
ALFSLLFLSAV,HLA-B*07:02,0.0017866367,0,0
PWSPESESPML,HLA-B*07:02,0.50237465,1,0
EDATDQIEVQK,HLA-B*07:02,7.880863e-06,0,0
AAFNAICDGDY,HLA-B*07:02,0.0016320305,0,0
VAFAPLVLMLI,HLA-B*07:02,0.5554915,1,0
VAASALRRTGL,HLA-B*07:02,0.18644315,0,0
GYIGPKDYRSL,HLA-B*07:02,0.0332289,0,0
YHARNIKTGES,HLA-B*07:02,0.0535765,0,0
VKTRGSPVKKT,HLA-B*07:02,0.0011167353,0,0
NSIAWLKNFQN,HLA-B*07:02,0.0020075038,0,0
QVEQLVNKTSE,HLA-B*07:02,1.3904717e-05,0,0
KQGTPRYEEAV,HLA-B*07:02,0.0044602547,0,0
LPELSPETATP,HLA-B*07:02,0.83890057,1,0
IHHHYEQKGWT,HLA-B*07:02,0.00034622653,0,0
FPPHHLTVILG,HLA-B*07:02,0.9140516,1,0
TLIKDSSKKFN,HLA-B*07:02,4.5906356e-05,0,0
ITSTKNGSITS,HLA-B*07:02,0.021811621,0,0
FHIVSWKKSHL,HLA-B*07:02,0.0070357304,0,0
LFYMLGTVLVK,HLA-B*07:02,0.019267317,0,0
QLTSFDSDWRF,HLA-B*07:02,3.146706e-06,0,0
ISDMGAEVRRG,HLA-B*07:02,5.9440263e-05,0,0
DITPPDYETRM,HLA-B*07:02,0.0014953669,0,0
SRNQSIDAALA,HLA-B*07:02,0.0119927535,0,0
VLVSRYKETRR,HLA-B*07:02,0.000109762106,0,0
SFFTSRRPALE,HLA-B*07:02,0.001200005,0,0
ELAAIHKNIVV,HLA-B*07:02,0.00021907891,0,0
YGSDVRVLTMG,HLA-B*07:02,0.0050120056,0,0
GINNLEHGLYP,HLA-B*07:02,0.00689663,0,0
YDSDIMLIDNP,HLA-B*07:02,0.0012793794,0,0
DDAPSAREEDT,HLA-B*07:02,0.004175767,0,0
KEYGKFIEINN,HLA-B*07:02,0.00166633,0,0
KHLRELMSVAA,HLA-B*07:02,0.0008104669,0,0
QFETMVSVLEE,HLA-B*07:02,0.00016557697,0,0
LDPNVHQAIAM,HLA-B*07:02,0.00021185284,0,0
LILVVIFFGAI,HLA-B*07:02,0.0013850051,0,0
VLTASNAISKE,HLA-B*07:02,1.1191201e-05,0,0
VSRILPGVLGC,HLA-B*07:02,0.099628195,0,0
VLDPHTSHSWL,HLA-B*07:02,0.008848149,0,0
ALDLLSKMFTY,HLA-B*07:02,0.03399659,0,0
PEVRALKDMPR,HLA-B*07:02,0.0055003464,0,0
EGREPYEDYVT,HLA-B*07:02,0.0015167963,0,0
EIVISLEEGLA,HLA-B*07:02,0.007890712,0,0
LSMGHAKTIPN,HLA-B*07:02,0.0031121105,0,0
LAEKKQSSKTQ,HLA-B*07:02,0.045197397,0,0
HGHTQTMLGLG,HLA-B*07:02,0.00173925,0,0
APSSPTRRAGH,HLA-B*07:02,0.9974197,1,0
GLLPKEDLDSL,HLA-B*07:02,0.003467143,0,0
YRIDDVDWNKT,HLA-B*07:02,2.9877956e-05,0,0
MAVTNADYAAQ,HLA-B*07:02,0.00031214408,0,0
AIGWLTIILVA,HLA-B*07:02,0.02431622,0,0
RDIWVHPHSEN,HLA-B*07:02,0.00029822876,0,0
PFICELASAYE,HLA-B*07:02,6.5255655e-05,0,0
GEYRERFMLHY,HLA-B*07:02,0.009489473,0,0
QPAVQVPYVVS,HLA-B*07:02,0.48217407,0,0
QEEIILTEATP,HLA-B*07:02,0.0009363435,0,0
MLVTGEIKVIL,HLA-B*07:02,2.1745787e-05,0,0
YRMGDFYELFY,HLA-B*07:02,0.057522327,0,0
AVHNGKNHIPV,HLA-B*07:02,0.00075906777,0,0
YYVPAEPKLAF,HLA-B*07:02,0.01744837,0,0
EKGLSVNCPDR,HLA-B*07:02,0.00013724231,0,0
HNLINICIDGE,HLA-B*07:02,0.00025230818,0,0
AVIVAQFLSAF,HLA-B*07:02,0.0131093105,0,0
AGVLQIQYNRV,HLA-B*07:02,0.0002583934,0,0
GIDVGAKSEIY,HLA-B*07:02,0.006195327,0,0
RDGIEVSTGCR,HLA-B*07:02,3.121614e-05,0,0
NSDADIGDIIA,HLA-B*07:02,0.00018554216,0,0
KSTVEADFANN,HLA-B*07:02,7.075296e-07,0,0
ASDIYAPISGE,HLA-B*07:02,0.00011194732,0,0
LKHTRDGVAET,HLA-B*07:02,0.00025862313,0,0
TGDPIEAAEVL,HLA-B*07:02,0.0015651167,0,0
DCILFFRLGDF,HLA-B*07:02,0.00022220651,0,0
PHERMHHHIEL,HLA-B*07:02,0.003227012,0,0
DFTVEVERSLR,HLA-B*07:02,6.607722e-05,0,0
NSVKGTIIDVQ,HLA-B*07:02,5.310961e-05,0,0
ALIQAQVEMGL,HLA-B*07:02,0.010100761,0,0
LIFGKNDFITL,HLA-B*07:02,0.014740701,0,0
VHRLVRKSPFD,HLA-B*07:02,0.26679313,0,0
RSIRNLGKVDP,HLA-B*07:02,0.0011849332,0,0
VLYALRANIDL,HLA-B*07:02,0.0011699197,0,0
AALPDATRRAR,HLA-B*07:02,0.02366064,0,0
LLNQLDGFEAT,HLA-B*07:02,9.417157e-05,0,0
GKVRTLLGSEL,HLA-B*07:02,0.0984428,0,0
LNKGEARNSLA,HLA-B*07:02,0.009338613,0,0
LQLFIAFEEQE,HLA-B*07:02,0.00014568785,0,0
WLKPNTEDEIE,HLA-B*07:02,0.008526527,0,0
GATATDMLRWT,HLA-B*07:02,0.008299421,0,0
LNKKMKKAFEH,HLA-B*07:02,0.05258648,0,0
YNNSWPYLVGW,HLA-B*07:02,0.003723394,0,0
VGWPGVSHLEG,HLA-B*07:02,0.0013522304,0,0
EIETPILNKST,HLA-B*07:02,0.005404772,0,0
YIADTRGAFAQ,HLA-B*07:02,0.77127916,1,0
VGATTRSGALT,HLA-B*07:02,0.002548007,0,0
LPVGDKAPEVV,HLA-B*07:02,0.7580224,1,0
DRVEIGACTTI,HLA-B*07:02,0.00060351036,0,0
VYQDMTHPLSD,HLA-B*07:02,0.003084214,0,0
IAKKWLNEQYG,HLA-B*07:02,0.005470265,0,0
GFAIVGVVIAA,HLA-B*07:02,0.00836393,0,0
VGGTGFYIQAV,HLA-B*07:02,2.5268879e-05,0,0
SIIRSDSESSP,HLA-B*07:02,0.0018887537,0,0
AAAALNAQQQQ,HLA-B*07:02,0.011282211,0,0
DRERDSEWNDF,HLA-B*07:02,3.6925136e-05,0,0
QFLKQQKEKEG,HLA-B*07:02,4.4089516e-05,0,0
FPQHFLGLAGM,HLA-B*07:02,0.656747,1,0
SVDNVQHYGDW,HLA-B*07:02,0.00036024646,0,0
FEVELSRNAPV,HLA-B*07:02,0.00082225155,0,0
DMENTLQLVRN,HLA-B*07:02,6.018851e-05,0,0
PGVNILAAWTD,HLA-B*07:02,0.0022152322,0,0
MRVESSQEANA,HLA-B*07:02,0.0002521646,0,0
TFSGMEEMLYS,HLA-B*07:02,0.1332439,0,0
IRQPSMGPVFG,HLA-B*07:02,0.0038317626,0,0
PVRLLSKPGEL,HLA-B*07:02,0.06205623,0,0
WARSIPAFQAL,HLA-B*07:02,0.030361962,0,0
LRAFTEEGAIV,HLA-B*07:02,0.00043925003,0,0
WLHKLVFVDAV,HLA-B*07:02,0.0005120846,0,0
LKHFEPTDKKV,HLA-B*07:02,0.0011520139,0,0
GTPLQNKLPEL,HLA-B*07:02,0.003052349,0,0
ATLVFSPNQAL,HLA-B*07:02,0.0013455189,0,0
YLLLLASGGHT,HLA-B*07:02,0.00012328014,0,0
LWFRSTLMLEH,HLA-B*07:02,0.04330192,0,0
RNQQHLNTQPQ,HLA-B*07:02,0.00021926175,0,0
IFAAGTGNPFF,HLA-B*07:02,0.008334951,0,0
VGVDSLGIGVT,HLA-B*07:02,0.00045806763,0,0
NDEEIVWNVIS,HLA-B*07:02,0.0001222353,0,0
KVGIMAWIGFF,HLA-B*07:02,0.0036613857,0,0
PGERRNLRLEL,HLA-B*07:02,0.0214783,0,0
LKSDPFEDLSL,HLA-B*07:02,0.50917894,1,0
TRYANRGHIAR,HLA-B*07:02,0.0011192135,0,0
TENQNGVTMLR,HLA-B*07:02,0.019558843,0,0
DRTRVEMLIDP,HLA-B*07:02,1.6521952e-05,0,0
ETVAIEPVFEG,HLA-B*07:02,0.0014824437,0,0
IFKRKKYKEAD,HLA-B*07:02,0.0011727829,0,0
TSNGFPNLIQL,HLA-B*07:02,0.0010079935,0,0
NAAIVGLERIS,HLA-B*07:02,0.007372069,0,0
GSALHRFKSAR,HLA-B*07:02,0.00539447,0,0
KVEHGIIKVMD,HLA-B*07:02,0.00083732326,0,0
HLDGGTAGAKS,HLA-B*07:02,0.00023122034,0,0
TLQTAQQAYEA,HLA-B*07:02,2.0185173e-05,0,0
ATLQHEATASA,HLA-B*07:02,2.6146645e-05,0,0
QISEIVEVVSP,HLA-B*07:02,0.0086999,0,0
GEEAARRIGAA,HLA-B*07:02,0.0025616211,0,0
NRPPIVTVMGH,HLA-B*07:02,0.014043825,0,0
FTFEAGSKAMQ,HLA-B*07:02,0.0010360137,0,0
DALSYGYPDKL,HLA-B*07:02,0.0020127438,0,0
DAKILYKTEGE,HLA-B*07:02,0.00036665457,0,0
AEIRVHQKTTL,HLA-B*07:02,0.0050749592,0,0
MDRANENASQA,HLA-B*07:02,0.011162199,0,0
PEVRSRIEQQA,HLA-B*07:02,0.009097559,0,0
SRALNSGTSPK,HLA-B*07:02,0.0022477445,0,0
LNKLKPFLLDD,HLA-B*07:02,0.03785419,0,0
FPMFQFFVFAN,HLA-B*07:02,0.994416,1,0
DNIISSDEYKS,HLA-B*07:02,3.9111997e-05,0,0
SVGDLVAYITA,HLA-B*07:02,0.003094984,0,0
RKNNLRVIFMV,HLA-B*07:02,0.0057913526,0,0
AAKYKRKTGIR,HLA-B*07:02,0.030635651,0,0
GTVFKCLTNQI,HLA-B*07:02,0.0060265516,0,0
ELGFESKVVPK,HLA-B*07:02,1.4877007e-05,0,0
ADIAEGLVGKF,HLA-B*07:02,0.0029351388,0,0
QKRKIQVGDKV,HLA-B*07:02,0.0011430281,0,0
DAGAESGEGVS,HLA-B*07:02,0.0003320913,0,0
TMMSGSGPTVF,HLA-B*07:02,0.00016290144,0,0
TLAYVDRCTAF,HLA-B*07:02,7.892371e-05,0,0
NRELKLTIVLI,HLA-B*07:02,0.00073848554,0,0
KSYIEDCLRGS,HLA-B*07:02,9.936939e-05,0,0
WWPSRRDVVAC,HLA-B*07:02,0.0001264413,0,0
FVWPAVLGGLQ,HLA-B*07:02,0.08570037,0,0
EKGREITSGMY,HLA-B*07:02,0.0021547577,0,0
TKLTKQQLILA,HLA-B*07:02,0.0004721788,0,0
LSRGRTSPLVR,HLA-B*07:02,0.1332762,0,0
DTLNIKDGINE,HLA-B*07:02,1.0791786e-06,0,0
AWRDTRSGDEF,HLA-B*07:02,0.012967157,0,0
PMAGASSQQAP,HLA-B*07:02,0.020853046,0,0
DMIKTGIIDPV,HLA-B*07:02,9.4596566e-05,0,0
RGVPQINEQML,HLA-B*07:02,0.04907032,0,0
LIPRDGAVLGF,HLA-B*07:02,0.031540394,0,0
VTISKENTVIV,HLA-B*07:02,2.8802242e-05,0,0
PANILISEQDV,HLA-B*07:02,0.0112109715,0,0
GKKGDANKVVI,HLA-B*07:02,0.0015223077,0,0
VKDYFPEIIDV,HLA-B*07:02,0.000104807885,0,0
GAHKVDLLNVI,HLA-B*07:02,0.024351032,0,0
NRKGAWTLAGV,HLA-B*07:02,0.002595734,0,0
TGTVCHVGKAE,HLA-B*07:02,4.4874805e-06,0,0
SKQPRTAHTVN,HLA-B*07:02,0.0017446413,0,0
EEIPDYKLNHA,HLA-B*07:02,0.0005826939,0,0
NNNNNNNNNNN,HLA-B*07:02,2.6880201e-05,0,0
SAGQTFLGPSS,HLA-B*07:02,0.2710358,0,0
VAYTRGPGLVG,HLA-B*07:02,0.023627196,0,0
ATEKEWVATLP,HLA-B*07:02,0.00012621038,0,0
ALNVVDSKERL,HLA-B*07:02,0.0006067265,0,0
ESGKPAEIVAK,HLA-B*07:02,0.00016030046,0,0
RKQEGGLRRAA,HLA-B*07:02,0.011861004,0,0
KTLPAWGSHLL,HLA-B*07:02,0.040910937,0,0
IAQTKFNYFSP,HLA-B*07:02,0.0032964416,0,0
TLWAIAVLAVL,HLA-B*07:02,0.00019968553,0,0
GMSGSVSFGLN,HLA-B*07:02,0.012124156,0,0
LVYVPFFDANK,HLA-B*07:02,0.006339667,0,0
KRFRGAKSGMA,HLA-B*07:02,0.0035421955,0,0
YRVEAVHALVH,HLA-B*07:02,0.0131272925,0,0
FKALMKWRLAI,HLA-B*07:02,0.24522197,0,0
PKIYQQKLYQL,HLA-B*07:02,0.004665063,0,0
KIHIAQKHGEN,HLA-B*07:02,0.0009274601,0,0
ILRQQASTIAA,HLA-B*07:02,0.0022541005,0,0
SERFSRVELLF,HLA-B*07:02,0.38785312,0,0
QPTIIPVMIPG,HLA-B*07:02,0.1144924,0,0
DSFVNEFLQVE,HLA-B*07:02,0.00011113452,0,0
DPLPQALILTA,HLA-B*07:02,0.97804195,1,0
AREFPQAAASR,HLA-B*07:02,0.007872392,0,0
HAARGRCAGIV,HLA-B*07:02,0.010327577,0,0
KLGAKWETIPV,HLA-B*07:02,0.0006556695,0,0
GPESVTADESP,HLA-B*07:02,0.32274127,0,0
QAPKMLPHIPQ,HLA-B*07:02,0.0008612703,0,0
RGKIRARRVTG,HLA-B*07:02,0.0066593825,0,0
IEHALIPEKGL,HLA-B*07:02,0.08131174,0,0
NDMIRLFMEYR,HLA-B*07:02,0.0015478486,0,0
NPPPIPPKKPG,HLA-B*07:02,0.37461752,0,0
FEFKMGRKAAE,HLA-B*07:02,0.000490537,0,0
IIDISNYIMLK,HLA-B*07:02,0.0032755455,0,0
YHFKTDTRVPK,HLA-B*07:02,0.0010171066,0,0
DEQVNHKDSKH,HLA-B*07:02,0.0007753489,0,0
SRNYKNIEVVY,HLA-B*07:02,0.00033085316,0,0
LHANGASFFFM,HLA-B*07:02,0.002954746,0,0
YSSILENEETR,HLA-B*07:02,0.00041802964,0,0
EEREKKKRRLE,HLA-B*07:02,0.0022702937,0,0
VFRQRRDGANE,HLA-B*07:02,0.00014057003,0,0
IALQMRVLQLA,HLA-B*07:02,0.047609355,0,0
DIVIIASFVTM,HLA-B*07:02,0.0007730169,0,0
GRTFSFSAIVV,HLA-B*07:02,0.0030353204,0,0
MNRALVLHAEH,HLA-B*07:02,0.00036595337,0,0
GKEEGKLEQGG,HLA-B*07:02,0.015259581,0,0
KYISDYKTEIQ,HLA-B*07:02,0.00024369294,0,0
DNSLEIVETPT,HLA-B*07:02,5.198557e-05,0,0
KFAGSAGSSPD,HLA-B*07:02,0.009935241,0,0
LGGKVSMFFPE,HLA-B*07:02,0.00021374381,0,0
HDNMEEKVPWV,HLA-B*07:02,8.901147e-05,0,0
SGLIIHLRRHS,HLA-B*07:02,0.0033272805,0,0
TYNEEGSFVYE,HLA-B*07:02,1.2153159e-05,0,0
YFYPDLPKGYQ,HLA-B*07:02,0.0145596145,0,0
EKTPHCFLTDQ,HLA-B*07:02,0.0008127205,0,0
LTAEDVEFISA,HLA-B*07:02,0.00041441192,0,0
TLMTLTLFSPD,HLA-B*07:02,5.0563933e-05,0,0
MALFSGTEVLG,HLA-B*07:02,0.043672577,0,0
QAVKAWYRGAG,HLA-B*07:02,0.0011339358,0,0
DGIPAKVERLE,HLA-B*07:02,0.00013932526,0,0
AEQVMADAQAI,HLA-B*07:02,0.0011636518,0,0
LLGRIVTAAFA,HLA-B*07:02,0.0048166164,0,0
TMDKWWYEDMD,HLA-B*07:02,1.2304391e-05,0,0
FPTGEARQLAR,HLA-B*07:02,0.97571373,1,0
IQAINESTLGS,HLA-B*07:02,0.043673303,0,0
EYTFPITLSST,HLA-B*07:02,0.013899105,0,0
SARPGVVIGKK,HLA-B*07:02,0.0074854004,0,0
CLKGHFILLDA,HLA-B*07:02,0.058581747,0,0
IFRSIVESVMA,HLA-B*07:02,0.075601354,0,0
EIVSGASRGIR,HLA-B*07:02,0.0002216299,0,0
KKGEKYDYLLA,HLA-B*07:02,0.013875805,0,0
DFLDQYSALLR,HLA-B*07:02,0.0032856865,0,0
ALQIELYRKLL,HLA-B*07:02,0.0012682007,0,0
DEQGQDVLFFI,HLA-B*07:02,0.0017262717,0,0
DCRAQLAHEGI,HLA-B*07:02,0.0006664234,0,0
DLLASKRPQIS,HLA-B*07:02,0.00037552378,0,0
AKHAVRDASNV,HLA-B*07:02,0.011008269,0,0
ALVLIDRGEDE,HLA-B*07:02,0.0004670479,0,0
TKMHGLGNDFM,HLA-B*07:02,0.0004988068,0,0
GIFDEFIQLHG,HLA-B*07:02,0.008272779,0,0
AQGWKQRLAEG,HLA-B*07:02,0.0019304613,0,0
MPFGQLMSEFG,HLA-B*07:02,0.9589843,1,0
GSCVRACGPDY,HLA-B*07:02,0.0012804228,0,0
CLELMSLFNEN,HLA-B*07:02,0.00011436532,0,0
TMLEHVFRSVK,HLA-B*07:02,4.103627e-05,0,0
DINGQLDKLVK,HLA-B*07:02,0.002321776,0,0
DANWMRPVFEF,HLA-B*07:02,0.053054094,0,0
MIKIEGGAWLS,HLA-B*07:02,0.033065192,0,0
THEGAHAYTVG,HLA-B*07:02,0.00019509661,0,0
WIQSLLWWMNH,HLA-B*07:02,0.02303235,0,0
NTFFSETGAGK,HLA-B*07:02,7.508514e-05,0,0
GLLPTKEQLVR,HLA-B*07:02,0.545978,1,0
TNTETVITPTT,HLA-B*07:02,0.0011129779,0,0
EDERRYRTRRS,HLA-B*07:02,2.9988425e-05,0,0
GEALINLDDMH,HLA-B*07:02,0.0077111092,0,0
KILPSPVIKQE,HLA-B*07:02,0.000593872,0,0
TSARELHYVRD,HLA-B*07:02,4.8037173e-06,0,0
GLDEDGYRQRF,HLA-B*07:02,0.0009087559,0,0
SEFSVKEAGQV,HLA-B*07:02,0.0035428116,0,0
NVFANFAAANV,HLA-B*07:02,0.0021130634,0,0
GESETIMPDGR,HLA-B*07:02,0.0656226,0,0
KKNFCHIRFAEE,HLA-B*07:02,0.0046293447,0,0
YINQLSNHSLDF,HLA-B*07:02,0.0013517123,0,0
FDLTKPAFMKIA,HLA-B*07:02,0.00029162937,0,0
TLLERERSGGLR,HLA-B*07:02,0.00079370115,0,0
DLHAGLTPALPF,HLA-B*07:02,0.0022156916,0,0
INIAFGVTGIIA,HLA-B*07:02,6.06429e-05,0,0
MRCELIRLQHQT,HLA-B*07:02,0.0061797095,0,0
SEAIARNLREMS,HLA-B*07:02,0.00030221842,0,0
PFELEADGLLAI,HLA-B*07:02,0.0005214934,0,0
KENSFTGYVQDE,HLA-B*07:02,3.4677712e-05,0,0
LPHKHDDGNIYN,HLA-B*07:02,0.03330204,0,0
AVPEESSTTSKH,HLA-B*07:02,8.583769e-05,0,0
SGGEQQCFQTTG,HLA-B*07:02,0.0011490324,0,0
ILEKHHQYGNVH,HLA-B*07:02,3.841608e-05,0,0
AQVSEILTRLGF,HLA-B*07:02,0.013251685,0,0
EEVMQLCDRYGI,HLA-B*07:02,1.7303997e-05,0,0
QTIYVWLDALVN,HLA-B*07:02,0.0001513076,0,0
KQNNKIALSFNA,HLA-B*07:02,0.0018606262,0,0
ILKELLKGKKIP,HLA-B*07:02,0.0003009338,0,0
RVTAERAMNTRL,HLA-B*07:02,0.0047803377,0,0
VDDGSRDRSAEL,HLA-B*07:02,0.002893897,0,0
KLKAFISLTKPR,HLA-B*07:02,0.0023656918,0,0
MPQVKAPISGAM,HLA-B*07:02,0.8772185,1,0
NTTNEVDFDFNT,HLA-B*07:02,5.2901342e-08,0,0
PCLDVADGRVVK,HLA-B*07:02,4.16099e-06,0,0
AVSAGLDSAVVG,HLA-B*07:02,0.0052405344,0,0
IPRTIWLADDGK,HLA-B*07:02,0.8585996,1,0
GGHNGLRNIIQH,HLA-B*07:02,0.0015019501,0,0
RSVLLNIEVSNS,HLA-B*07:02,0.0001523748,0,0
RGTLGLLPTALG,HLA-B*07:02,0.0015677715,0,0
RILRVHENVMAV,HLA-B*07:02,0.004199587,0,0
KGGRDTCHGDSG,HLA-B*07:02,0.00064830127,0,0
IGFATLRGGSVI,HLA-B*07:02,0.001106829,0,0
IANLTPVYREDY,HLA-B*07:02,0.00072841544,0,0
PALLHAMTFLGF,HLA-B*07:02,0.20929824,0,0
RTDNAEEFEPGQ,HLA-B*07:02,4.7112326e-06,0,0
DNNPIIVKNPGI,HLA-B*07:02,0.0003228336,0,0
NANLLEELSLWS,HLA-B*07:02,0.0101137515,0,0
ARPGGRERARLA,HLA-B*07:02,0.0043319915,0,0
MWEDEKNKRGGR,HLA-B*07:02,6.2228987e-06,0,0
VRSGAVDIIVID,HLA-B*07:02,5.3875534e-05,0,0
LTIIFGFAFVQA,HLA-B*07:02,0.017349713,0,0
SHHLDNISAVEV,HLA-B*07:02,0.00073448784,0,0
LARSICEKLEQS,HLA-B*07:02,0.1696849,0,0
QAFCCTNGLDVP,HLA-B*07:02,0.0007995787,0,0
GSVHVFGEISTN,HLA-B*07:02,0.0003108294,0,0
WSQWILSVPWAI,HLA-B*07:02,0.004386379,0,0
GGRSTVGDEVLC,HLA-B*07:02,0.013667901,0,0
QCICLILEPHYS,HLA-B*07:02,0.010674444,0,0
LSAPEMTVLVGG,HLA-B*07:02,0.02393967,0,0
VSDLLSLLPVGV,HLA-B*07:02,0.0043044575,0,0
VEPPLQIVCKEE,HLA-B*07:02,0.00012456057,0,0
LAVVLVGSNPAS,HLA-B*07:02,0.006791395,0,0
LLKHCKKGSRAN,HLA-B*07:02,0.00021722812,0,0
MDLDLAPSDQQQ,HLA-B*07:02,0.0002587092,0,0
SQSQSHHSHQTS,HLA-B*07:02,0.012117052,0,0
EAAETARKTFED,HLA-B*07:02,0.0008499427,0,0
VINIEASHCYPH,HLA-B*07:02,8.373357e-05,0,0
NDTLFNALNDWV,HLA-B*07:02,7.296435e-06,0,0
RGGFWNYFSLGM,HLA-B*07:02,0.0009764229,0,0
YGLEDLSESAYE,HLA-B*07:02,0.00010511066,0,0
SESPTKFIYMTR,HLA-B*07:02,0.027385874,0,0
FLVAANPVDVLT,HLA-B*07:02,0.003773074,0,0
IGFNAEVRSQEM,HLA-B*07:02,9.448745e-06,0,0
PHESTPVGESED,HLA-B*07:02,0.00027905285,0,0
KVEEKESEHKPE,HLA-B*07:02,0.0006590821,0,0
LDHAKELKDAIE,HLA-B*07:02,0.0006697656,0,0
APYIYAKVKRKG,HLA-B*07:02,0.2374938,0,0
GDANVGKSTLIN,HLA-B*07:02,0.009110774,0,0
TFKDILQTGSTR,HLA-B*07:02,0.00018000843,0,0
KKVKLEEEAKPT,HLA-B*07:02,0.00015059784,0,0
YIAKVTINPALA,HLA-B*07:02,0.027690655,0,0
VVFVTGQKRYDG,HLA-B*07:02,0.002579797,0,0
SASKGTPILMKD,HLA-B*07:02,0.058053724,0,0
RGNPTIEADVIL,HLA-B*07:02,0.47085968,0,0
MAYRCYATAEEL,HLA-B*07:02,7.440828e-05,0,0
DRTNIPSKIPKQ,HLA-B*07:02,1.8361267e-06,0,0
NENDTVAVEELE,HLA-B*07:02,0.00020425729,0,0
LRGKIEPINKDA,HLA-B*07:02,4.8582922e-05,0,0
GSITSVQAVYVP,HLA-B*07:02,0.000116486015,0,0
IARSTEFSRLLG,HLA-B*07:02,0.52808654,1,0
IVRLVDAQVHED,HLA-B*07:02,0.0019124228,0,0
FVVKGGQSYQSP,HLA-B*07:02,0.016412728,0,0
GGLMKNFDSIQQ,HLA-B*07:02,3.84531e-05,0,0
YGTYPFVTSSHP,HLA-B*07:02,0.00023860768,0,0
LAARDDEAAKAG,HLA-B*07:02,0.01981236,0,0
WVSFDGKDRKQL,HLA-B*07:02,0.058654618,0,0
PPKRIDKQDQIY,HLA-B*07:02,0.74979115,1,0
RSFEALGFALGR,HLA-B*07:02,0.00016829243,0,0
AAIYHRQGLLAL,HLA-B*07:02,0.56979096,1,0
MKHIIADKACKK,HLA-B*07:02,2.2470918e-05,0,0
KTDSVANRRLAF,HLA-B*07:02,0.00070039905,0,0
FYHEMKDSNVLD,HLA-B*07:02,0.015623514,0,0
VSGNLRDLYDDK,HLA-B*07:02,1.4848801e-05,0,0
GEPKYMPVQSWE,HLA-B*07:02,0.0005290756,0,0
RSELSKKIGLEN,HLA-B*07:02,0.00016985767,0,0
KSDMMKILIFCY,HLA-B*07:02,0.0003850119,0,0
FSREQIGRLERE,HLA-B*07:02,0.083325334,0,0
YICPDIVKEFAK,HLA-B*07:02,0.017611062,0,0
DEDRKVPDAIRL,HLA-B*07:02,4.1726616e-05,0,0
EEYAKALEKGLP,HLA-B*07:02,0.00080120476,0,0
IDGPALREPASF,HLA-B*07:02,0.2696444,0,0
GIGTNEQAIIDV,HLA-B*07:02,0.00069385703,0,0
TDPPVAIVFNGS,HLA-B*07:02,0.001749682,0,0
EMYDPLLNGPYR,HLA-B*07:02,0.00075628224,0,0
VCRPLHYMAIMH,HLA-B*07:02,0.011573729,0,0
NVDPGTMSPYQH,HLA-B*07:02,0.12903488,0,0
GLCNTQYARLVE,HLA-B*07:02,0.0021001366,0,0
KNKRNTPHKLEF,HLA-B*07:02,0.01604595,0,0
IFCDLVPVLSLA,HLA-B*07:02,0.020793885,0,0
FGSSHRVRFIAI,HLA-B*07:02,0.034596294,0,0
DEAVHKFFRAGP,HLA-B*07:02,5.2571748e-05,0,0
QNTQVRVMSEKK,HLA-B*07:02,1.2228076e-05,0,0
FPQEIEIRPIAY,HLA-B*07:02,0.7927614,1,0
QTRADDWRTPYE,HLA-B*07:02,0.00053132273,0,0
QYQNSMDTQLGD,HLA-B*07:02,8.954757e-05,0,0
VQFMDRLKLLLM,HLA-B*07:02,0.20202099,0,0
GFENLEPPESQT,HLA-B*07:02,0.00010762035,0,0
HELTAGIQLLPQ,HLA-B*07:02,0.001735146,0,0
PYALQSAPYASA,HLA-B*07:02,0.00046237017,0,0
GAVSRWITIDGL,HLA-B*07:02,0.010483589,0,0
PQRLLVPDIQEI,HLA-B*07:02,0.00036394692,0,0
ALILAALADGPS,HLA-B*07:02,0.010017636,0,0
AQGQGAGYNEEF,HLA-B*07:02,4.57523e-05,0,0
QQQQQHQQHQQH,HLA-B*07:02,0.00035252445,0,0
NVELSNFYLDYG,HLA-B*07:02,0.0041472204,0,0
YYNIFVQKVFLK,HLA-B*07:02,3.5928493e-05,0,0
FIAAYVLSKYQY,HLA-B*07:02,0.07159055,0,0
QTERDRIRPANP,HLA-B*07:02,0.0009999593,0,0
QLTREAIGELET,HLA-B*07:02,3.941697e-06,0,0
KPELIILEEVLK,HLA-B*07:02,0.9558262,1,0
HFFLQGEKQFLL,HLA-B*07:02,0.01907224,0,0
CDNPPQPDQPDD,HLA-B*07:02,0.00625755,0,0
GLASARVGYGIA,HLA-B*07:02,0.0006936322,0,0
GRGYTYLLSRSG,HLA-B*07:02,0.019075979,0,0
SQPAFPSLVSPR,HLA-B*07:02,8.539258e-05,0,0
SSSYKSKDYTSG,HLA-B*07:02,0.007327189,0,0
GPPNTSYMPGMP,HLA-B*07:02,0.76868415,1,0
AEITAAGRIPLL,HLA-B*07:02,0.0021695152,0,0
VTDADREGYIGS,HLA-B*07:02,0.0001708205,0,0
CEEIFLFLGQRP,HLA-B*07:02,5.9397826e-05,0,0
WFYFITKPMFKL,HLA-B*07:02,0.03702104,0,0
LGKEGVTTYFSG,HLA-B*07:02,0.00089775625,0,0
SKKDLEKELKQS,HLA-B*07:02,0.007828975,0,0
QLDAAIIVTTPQ,HLA-B*07:02,0.0010373534,0,0
DYLGEPVTEAVI,HLA-B*07:02,1.1040882e-05,0,0
YRYLAPHGRLVV,HLA-B*07:02,0.0003291414,0,0
KTGLESEDECLE,HLA-B*07:02,0.00031030446,0,0
LERVGAGAWTPD,HLA-B*07:02,0.027601954,0,0
EAFDKTAKLLGL,HLA-B*07:02,0.032849457,0,0
IKRSDSLDPIAN,HLA-B*07:02,0.028467003,0,0
TGAYLELAHLAH,HLA-B*07:02,0.004129216,0,0
VDREKTLMQLGI,HLA-B*07:02,0.17203861,0,0
TRETDLQELFRP,HLA-B*07:02,8.643525e-05,0,0
STDPGALHATKE,HLA-B*07:02,0.000780301,0,0
KQANENGEEDEE,HLA-B*07:02,2.692507e-06,0,0
KVIVEYVSANPT,HLA-B*07:02,0.00012645323,0,0
GAKGEAGAPGVK,HLA-B*07:02,0.118577406,0,0
FADLEEMYGKTR,HLA-B*07:02,8.301405e-05,0,0
IPLLILATLATV,HLA-B*07:02,0.78854686,1,0
RPGARYFHSLRL,HLA-B*07:02,0.8371814,1,0
LKLNGEQSEEHS,HLA-B*07:02,2.9633351e-05,0,0
GAGRTEVARAIF,HLA-B*07:02,0.02668867,0,0
RLGDDLNRELFR,HLA-B*07:02,0.00089618587,0,0
TILVQTLLRVTQ,HLA-B*07:02,0.0009747178,0,0
ARRDVPAHMAEL,HLA-B*07:02,0.007939132,0,0
NQYLHQGGNSND,HLA-B*07:02,5.4466815e-05,0,0
AAPDFVLGPDAD,HLA-B*07:02,0.0010667101,0,0
SRSRPVFALLPD,HLA-B*07:02,0.5007472,1,0
LATLGVLITSGL,HLA-B*07:02,0.0024991706,0,0
GPVSGSPDSMNV,HLA-B*07:02,0.75926775,1,0
EAWCAAGNCFSL,HLA-B*07:02,0.0009616704,0,0
RCGCQKGTSVEV,HLA-B*07:02,0.00012453693,0,0
QLLIEIKVHPKE,HLA-B*07:02,1.8702189e-05,0,0
SAEIDMAFGNGK,HLA-B*07:02,3.8765324e-05,0,0
ASDERSVKKSKK,HLA-B*07:02,9.638706e-06,0,0
AVLSVEDGIQIS,HLA-B*07:02,4.597698e-05,0,0
RIAARMRADSKA,HLA-B*07:02,0.009911489,0,0
FPDRWPTLLSDL,HLA-B*07:02,0.99078757,1,0
AAKEVAEYLGTV,HLA-B*07:02,0.13017794,0,0
LTNSEKSKKARE,HLA-B*07:02,2.1288763e-05,0,0
ELLTYTREDAYT,HLA-B*07:02,1.618647e-05,0,0
LFAQLRDTNSQI,HLA-B*07:02,0.00028574368,0,0
KKMNGSGNAQKV,HLA-B*07:02,7.151981e-05,0,0
TGPSFAKEVANK,HLA-B*07:02,1.9667132e-06,0,0
ILCAYTSLVTQD,HLA-B*07:02,0.0058388696,0,0
KFELPEAVKMLP,HLA-B*07:02,0.0051779537,0,0
SSTIFPQMVGHT,HLA-B*07:02,3.061714e-05,0,0
RARSLVIPDDDK,HLA-B*07:02,0.0003623019,0,0
SRYIEKGEKPLA,HLA-B*07:02,9.258759e-05,0,0
VEEALRAGVISE,HLA-B*07:02,8.393647e-05,0,0
KTGTGKTASVRY,HLA-B*07:02,0.0015316863,0,0
EEYVGGILKLVE,HLA-B*07:02,0.00018907488,0,0
KFIQPIRESKLF,HLA-B*07:02,0.43013218,0,0
AGFPGTTSDAVV,HLA-B*07:02,0.010153413,0,0
LWHEYEKLQASF,HLA-B*07:02,0.02917574,0,0
VHAKRGQSAPAI,HLA-B*07:02,0.0012886628,0,0
QLDGVEGLQGVY,HLA-B*07:02,0.0010654934,0,0
QDPYCLRCQPQV,HLA-B*07:02,0.00010833803,0,0
AAVPDIGPVIAA,HLA-B*07:02,0.0904271,0,0
WANRKRYGYKKH,HLA-B*07:02,0.0028263787,0,0
VYMARETETQEI,HLA-B*07:02,8.594056e-05,0,0
AVLLVMFAFSQS,HLA-B*07:02,0.10971243,0,0
VQKESSEALGAG,HLA-B*07:02,0.36672625,0,0
YSFVTTAEREIV,HLA-B*07:02,0.00011403123,0,0
IGGTLRYLLSLK,HLA-B*07:02,0.0107409265,0,0
IDADTKSRMKDI,HLA-B*07:02,0.015159584,0,0
DHKKLAEEDLKN,HLA-B*07:02,0.00031099276,0,0
LNTQELVEYYKK,HLA-B*07:02,1.962097e-06,0,0
GASVFGGIGFTM,HLA-B*07:02,0.04138312,0,0
GRGIIGALAAIG,HLA-B*07:02,0.0010338046,0,0
QTLATITYQNLF,HLA-B*07:02,0.02126366,0,0
GEVEAALSNLEE,HLA-B*07:02,0.0045989207,0,0
LVGIKPGKESYM,HLA-B*07:02,0.013301271,0,0
LLSTVEKVAGYV,HLA-B*07:02,0.0001551712,0,0
KSELRDIITTLY,HLA-B*07:02,0.0003001364,0,0
INGWINIAFGVT,HLA-B*07:02,0.01165679,0,0
SFTLYELTQNPE,HLA-B*07:02,0.0002605091,0,0
KTSLLIFLVVFL,HLA-B*07:02,0.033293974,0,0
MVFGLYEEPVTP,HLA-B*07:02,0.011329846,0,0
YNKVIDAWSKVN,HLA-B*07:02,0.00026329907,0,0
SIFPGIQGGPLM,HLA-B*07:02,0.043670066,0,0
ILLNRNYGQHAA,HLA-B*07:02,2.1700316e-05,0,0
MLRNANGKLVAY,HLA-B*07:02,0.0030134479,0,0
NLEQISDKSFIE,HLA-B*07:02,4.634451e-06,0,0
EEKVIHGEIVAY,HLA-B*07:02,0.0008575954,0,0
VYNSTTGEKFKL,HLA-B*07:02,0.008379467,0,0
YRHELENAIDPF,HLA-B*07:02,0.0020918986,0,0
VRGLDYYTHTAF,HLA-B*07:02,0.004343974,0,0
GPGAPFEHEEWR,HLA-B*07:02,0.928259,1,0
APLAALFSVLVL,HLA-B*07:02,0.97107744,1,0
ENEHMGNGRRGW,HLA-B*07:02,4.748482e-06,0,0
VDDERSADRAAQ,HLA-B*07:02,2.5314055e-05,0,0
PLVYGKYPTIMR,HLA-B*07:02,0.000133716,0,0
RRRLQSNNETQM,HLA-B*07:02,0.014468847,0,0
GQALAQALGDKC,HLA-B*07:02,0.0002827222,0,0
ASPFGEKKDIVD,HLA-B*07:02,6.1555056e-06,0,0
RLPFHSTRFYRW,HLA-B*07:02,0.016263999,0,0
GSQYDNFETCLT,HLA-B*07:02,0.0005197248,0,0
ELLELVELEVRE,HLA-B*07:02,2.1668719e-05,0,0
NFVSHLNQRHQF,HLA-B*07:02,0.0015204252,0,0
RAFADHIHANWP,HLA-B*07:02,0.00032434677,0,0
TATGLHYSVPSC,HLA-B*07:02,0.0052346336,0,0
DFIVSPEGRNIL,HLA-B*07:02,0.00057451695,0,0
HVSQEIFIDPRA,HLA-B*07:02,0.00031368883,0,0
HFLGYLSSLLRN,HLA-B*07:02,0.12936765,0,0
FGPNDVILDIRS,HLA-B*07:02,1.0874448e-05,0,0
QLVDAGMKVGMP,HLA-B*07:02,0.00028438208,0,0
AYQNNDITEFEK,HLA-B*07:02,5.757539e-05,0,0
FIKESADEIAWH,HLA-B*07:02,0.0028875815,0,0
GAFQGSPAPPLP,HLA-B*07:02,0.09133599,0,0
TDGFGGRTEPSG,HLA-B*07:02,0.0026774919,0,0
SPFSITSKTYPP,HLA-B*07:02,0.38637152,0,0
GVCPQKMAAAVT,HLA-B*07:02,0.037529472,0,0
VCIPGKFRFDEH,HLA-B*07:02,0.022672633,0,0
ISDVLETIVAQI,HLA-B*07:02,4.0762934e-05,0,0
EAESKGFIKELQ,HLA-B*07:02,0.0003761845,0,0
FEVNDAGHMVVM,HLA-B*07:02,0.002597347,0,0
PKAPALTEKHSR,HLA-B*07:02,0.031080514,0,0
RQVQLRAAGKEA,HLA-B*07:02,0.0006746041,0,0
TPLEIYGPKGIA,HLA-B*07:02,0.052295852,0,0
ILQEMLTYKSDH,HLA-B*07:02,0.00029893641,0,0
TDEIYWTSVACT,HLA-B*07:02,9.568909e-05,0,0
GRVPEKGLCPSL,HLA-B*07:02,0.033049583,0,0
NFDGLIVTGAPL,HLA-B*07:02,0.0033063248,0,0
AYCAMFISKDYI,HLA-B*07:02,0.00084141514,0,0
VKPGERLLVHSA,HLA-B*07:02,0.0063331486,0,0
ARSRIEDSDYAT,HLA-B*07:02,0.0010684112,0,0
ADEVLHKAKSYL,HLA-B*07:02,0.014062933,0,0
SIDLQSIIFIGL,HLA-B*07:02,0.0104457615,0,0
VPVSAKSGDQVE,HLA-B*07:02,0.1566784,0,0
ASGVTGSGFITL,HLA-B*07:02,0.1441708,0,0
NVPKLFNTPPPD,HLA-B*07:02,7.862466e-05,0,0
IETLGDVPKELG,HLA-B*07:02,2.6838092e-05,0,0
VLNTVIDEVIAE,HLA-B*07:02,3.018413e-05,0,0
ANLVTNLNVAKC,HLA-B*07:02,0.0007137535,0,0
TRNSKALAEALA,HLA-B*07:02,0.013704661,0,0
YGRPITSRGIEY,HLA-B*07:02,0.011413506,0,0
FVVLNDRRIKPE,HLA-B*07:02,0.05862174,0,0
TCSDNQSRNRRF,HLA-B*07:02,0.0020975082,0,0
FPQSRKDILKDL,HLA-B*07:02,0.8125119,1,0
PAYRHIADRMGT,HLA-B*07:02,0.0040010703,0,0
NLLDRVLRHRDA,HLA-B*07:02,1.6826953e-05,0,0
TDGMIVKVNAAL,HLA-B*07:02,0.00051902555,0,0
VQDQVVTSIGEL,HLA-B*07:02,0.0009388716,0,0
VCPINLPVVDWT,HLA-B*07:02,0.0012123528,0,0
LPVGTLLVELIY,HLA-B*07:02,0.99912745,1,0
YKPGTAQHAPKD,HLA-B*07:02,7.186033e-05,0,0
NQNAVAGQMGEQ,HLA-B*07:02,0.0011670414,0,0
THTFNRLDLLAE,HLA-B*07:02,0.1294146,0,0
DKYGSLGLYVAE,HLA-B*07:02,0.0016545454,0,0
GTDIDSLLLGGS,HLA-B*07:02,0.04758234,0,0
HVGAAGGTGYAV,HLA-B*07:02,0.0052940096,0,0
CAFETAAYDQGA,HLA-B*07:02,0.0006340475,0,0
IMSATLGTYFTE,HLA-B*07:02,0.0042998004,0,0
LYLRKRASSFGE,HLA-B*07:02,0.002197018,0,0
QTKDINASGEMA,HLA-B*07:02,0.00022313875,0,0
VESFPTGTPQSP,HLA-B*07:02,0.16992387,0,0
ESEVTVQMPGAV,HLA-B*07:02,0.00031208605,0,0
EGQEIERTTLDW,HLA-B*07:02,7.660684e-05,0,0
NKSLTQPELGHL,HLA-B*07:02,0.39139888,0,0
GSKCWLGKRPVV,HLA-B*07:02,0.00012614325,0,0
PDSEIQIANVTT,HLA-B*07:02,0.0037626922,0,0
EVMGSDATLEKA,HLA-B*07:02,0.003470646,0,0
AAGLLNPVRVSA,HLA-B*07:02,0.019189702,0,0
TDQGHVDNHLVT,HLA-B*07:02,7.978355e-05,0,0
ITLIALVFVVLP,HLA-B*07:02,2.7618953e-05,0,0
HPLRARGLRSPR,HLA-B*07:02,0.2438453,0,0
GLIMQVMATELA,HLA-B*07:02,0.0005894779,0,0
DEKMSKSLGNFF,HLA-B*07:02,0.0006626886,0,0
ENKMPILISKIF,HLA-B*07:02,0.011172119,0,0
CANTLFPYAKRI,HLA-B*07:02,0.00019288296,0,0
ATLTDSDASDLD,HLA-B*07:02,0.0001364669,0,0
IKHLFTGPILSG,HLA-B*07:02,0.023863692,0,0
TDGAQGVLESFL,HLA-B*07:02,0.0018133932,0,0
AEVIDPNTTAEC,HLA-B*07:02,4.542463e-05,0,0
HAIVFQHIPLFL,HLA-B*07:02,0.019135302,0,0
LICPFAKGGKVG,HLA-B*07:02,0.0021863284,0,0
FSEPSSFHNSLQ,HLA-B*07:02,0.0030363193,0,0
VLQRPVRLPGDA,HLA-B*07:02,0.031608395,0,0
DKGWTDKLPTNE,HLA-B*07:02,0.0045391577,0,0
YESMVSSELLGD,HLA-B*07:02,0.014042373,0,0
DILFEGINSAES,HLA-B*07:02,1.44390015e-05,0,0
FNNYYEKLANIN,HLA-B*07:02,0.00016124232,0,0
QDAKIRENMSKI,HLA-B*07:02,0.0073037115,0,0
VAFYVVMTGLFA,HLA-B*07:02,0.0009004656,0,0
DQLNHALSWNID,HLA-B*07:02,4.389984e-05,0,0
EHGNRIKEAGPS,HLA-B*07:02,0.00018201412,0,0
LGTTKAAGYKVS,HLA-B*07:02,6.283763e-06,0,0
NPNRLQRYYQYQ,HLA-B*07:02,0.12575683,0,0
PQFLFQLNDTIQL,HLA-B*07:02,0.0007039483,0,0
QIAESLRKIAALF,HLA-B*07:02,0.051612686,0,0
EQPGMPCPGEDKS,HLA-B*07:02,3.7269167e-06,0,0
QIGLIRILGESAV,HLA-B*07:02,0.0044419393,0,0
GRDAGDLAGVGPL,HLA-B*07:02,0.0009282748,0,0
DIEESLLEEVASL,HLA-B*07:02,0.0028242855,0,0
LREIGLARGGSMD,HLA-B*07:02,0.0005332759,0,0
HPYSDIDLLILLD,HLA-B*07:02,0.95511794,1,0
QIDIITGALAGTA,HLA-B*07:02,0.054950252,0,0
ATVHSGIGMFVNQ,HLA-B*07:02,0.0033258845,0,0
AAAAIALQARIGA,HLA-B*07:02,0.026500056,0,0
LVSRSEAEMLKTQ,HLA-B*07:02,0.011407638,0,0
LRYTHFDHQTGQV,HLA-B*07:02,1.2904554e-05,0,0
TPTLTHDEWLRVI,HLA-B*07:02,0.13250491,0,0
DQVHISESDISPG,HLA-B*07:02,0.00018760377,0,0
SVVRRCMKITTGQ,HLA-B*07:02,0.008890721,0,0
LVPKHGIPMEYVR,HLA-B*07:02,0.0018045659,0,0
ELLQLQIQMESVK,HLA-B*07:02,0.00010241513,0,0
TDSVFIGRLRKDL,HLA-B*07:02,0.0029335986,0,0
EFLHYKEKIQEYN,HLA-B*07:02,1.0430807e-05,0,0
VNPTRAYFGKKDA,HLA-B*07:02,2.5375286e-06,0,0
GGVGPVNADWADE,HLA-B*07:02,0.031469725,0,0
LELLSEMEESSET,HLA-B*07:02,0.00010539479,0,0
PKSDITDTGLAQS,HLA-B*07:02,0.0022960694,0,0
RRKGRVMIICSAN,HLA-B*07:02,0.0011667202,0,0
SLRLELDGIKVRG,HLA-B*07:02,5.3835378e-05,0,0
LPRRNQLVRPPVA,HLA-B*07:02,0.98589504,1,0
ALKFPGLCSSSDP,HLA-B*07:02,0.1721762,0,0
SCCVMVKNIERTL,HLA-B*07:02,0.00014513434,0,0
PVIRSLRDSAERM,HLA-B*07:02,0.0028223014,0,0
IFRMPSVAGTDLV,HLA-B*07:02,0.099525504,0,0
MKADNLTIYHVKS,HLA-B*07:02,0.00040788233,0,0
YGGRENLEAIEFL,HLA-B*07:02,2.8017836e-05,0,0
YHARRRHQEAEDR,HLA-B*07:02,0.0037062368,0,0
LSVVPATEVVAMD,HLA-B*07:02,0.013202131,0,0
NDEERQTVGICYK,HLA-B*07:02,8.239896e-05,0,0
DYMTNGSLDEHLF,HLA-B*07:02,0.0021075075,0,0
EAGNNPQIVMGPS,HLA-B*07:02,0.00013086673,0,0
GATEVRRSSRARN,HLA-B*07:02,0.036661383,0,0
SQASQSGRAKPRD,HLA-B*07:02,0.00017904965,0,0
SDLRDTLILPCRH,HLA-B*07:02,0.0019865031,0,0
VIYEARPNVTIDV,HLA-B*07:02,0.0025541503,0,0
NNISVVGSSDFCP,HLA-B*07:02,5.6107063e-05,0,0
LDDKEQPEKQTPN,HLA-B*07:02,1.3205534e-05,0,0
AQTGEFILEAEEL,HLA-B*07:02,3.1136162e-05,0,0
TMGTSRYLRERGI,HLA-B*07:02,7.7112425e-05,0,0
FFSDRWSELHLGS,HLA-B*07:02,0.023244198,0,0
GLKDYSLWLELLA,HLA-B*07:02,0.46547303,0,0
FDCVEADDVEGKI,HLA-B*07:02,1.91207e-06,0,0
ITNEAGNVVGLMP,HLA-B*07:02,0.0073351534,0,0
LKVGTGLGLSSAE,HLA-B*07:02,0.736439,1,0
GVIGIKVWIFKGE,HLA-B*07:02,0.021987831,0,0
HPPLCALKVESDL,HLA-B*07:02,0.07625357,0,0
AVSVNTPPERLYV,HLA-B*07:02,0.11679701,0,0
GDYKNLVVEVDAS,HLA-B*07:02,0.0010965541,0,0
VFKGVISSVTGFG,HLA-B*07:02,0.29807737,0,0
GRDCRQMEKDAAT,HLA-B*07:02,7.939255e-05,0,0
DDLGVIIIIALFY,HLA-B*07:02,0.0020332655,0,0
LFKIGAVPFHSWI,HLA-B*07:02,0.0030657682,0,0
YRRLLERRLLTYR,HLA-B*07:02,0.20891969,0,0
REGIGYTIQYVTA,HLA-B*07:02,0.00015003227,0,0
KHVDVYQNGEIVE,HLA-B*07:02,2.009239e-05,0,0
VIGQQTNDQEESI,HLA-B*07:02,3.7709342e-05,0,0
QRGQKPIDDDDEK,HLA-B*07:02,1.4660884e-05,0,0
FFFFPAGLVLYYV,HLA-B*07:02,0.036109757,0,0
GELGALPHSATAE,HLA-B*07:02,0.0014914774,0,0
HVLGVYVTVKMLR,HLA-B*07:02,0.0017956704,0,0
AVNFVGKTVANGG,HLA-B*07:02,0.008624705,0,0
DITCNGYEIASGG,HLA-B*07:02,0.00063323195,0,0
MAPIHHHYELKGW,HLA-B*07:02,0.0010369685,0,0
LSTKRARQLATGG,HLA-B*07:02,0.00247107,0,0
LYCRNTKKICGYL,HLA-B*07:02,0.002830949,0,0
KTTTTTKNDPNDK,HLA-B*07:02,3.6761194e-05,0,0
FGIDVVLDIDWQG,HLA-B*07:02,6.796071e-05,0,0
FENLGAKLIQQVA,HLA-B*07:02,0.0026000103,0,0
SGGGGSSSRMSCV,HLA-B*07:02,0.004706987,0,0
EEMGECTGPGPAA,HLA-B*07:02,0.0015351387,0,0
STLDIAGVKVNSS,HLA-B*07:02,0.00014067449,0,0
LASIVMSLLGVNP,HLA-B*07:02,0.053917915,0,0
IPLRDGCVVWDIE,HLA-B*07:02,0.28882477,0,0
ANEGRSIVIVVNK,HLA-B*07:02,0.0005662285,0,0
SDNSVEILNEEEY,HLA-B*07:02,1.3080895e-05,0,0
DILEMDSIPDVTF,HLA-B*07:02,5.200327e-05,0,0
VVIALFYTQEISV,HLA-B*07:02,0.00017982401,0,0
TVVGKLEGERDIT,HLA-B*07:02,0.0023969042,0,0
LRAAFWLVDLLER,HLA-B*07:02,0.005837777,0,0
RPRAKLDDILSVP,HLA-B*07:02,0.9236359,1,0
VDWNQAAYKDWDE,HLA-B*07:02,4.5846714e-06,0,0
AFNIPGYVPEYIR,HLA-B*07:02,0.042504687,0,0
HLRPRPRAYYLEP,HLA-B*07:02,0.08516229,0,0
AYEKALEVRSEFV,HLA-B*07:02,0.0001788333,0,0
TGLFRAFAQHVLH,HLA-B*07:02,0.00061998103,0,0
GIKAGLALNCSIT,HLA-B*07:02,0.008245475,0,0
NIYKGKITRVEPS,HLA-B*07:02,1.2311528e-05,0,0
ARASTKGQVIAVV,HLA-B*07:02,0.003116811,0,0
PTEQSFLQPGTQQ,HLA-B*07:02,0.010783265,0,0
SGEVVIGDGSFLI,HLA-B*07:02,0.0011781479,0,0
SLVKYEPPPDLLH,HLA-B*07:02,0.014470805,0,0
SGKKLSESLDLLD,HLA-B*07:02,0.2018902,0,0
NELIQHTQNNQQL,HLA-B*07:02,0.000112693204,0,0
PLGDLFPGANKAL,HLA-B*07:02,7.08707e-05,0,0
GNPVGGVEHGTGG,HLA-B*07:02,0.0003740168,0,0
DYTAMLFANTTAG,HLA-B*07:02,0.00058853027,0,0
AIYSTFLQRGYDQ,HLA-B*07:02,0.04410228,0,0
VSFFPPIYYIFQC,HLA-B*07:02,0.0001949895,0,0
SLIRSLSRHLQSG,HLA-B*07:02,0.0061764363,0,0
QDNEIEMTDVDDD,HLA-B*07:02,1.4148122e-05,0,0
FLGYQWAPILANF,HLA-B*07:02,0.0003251747,0,0
LAKELTEHSLPEI,HLA-B*07:02,0.010620476,0,0
HVDLKRLVQGRAG,HLA-B*07:02,0.05183349,0,0
EASLEPGYPKHIK,HLA-B*07:02,0.00034773294,0,0
RVTMHGFALNCSN,HLA-B*07:02,0.046906017,0,0
HRHLCDICDDHGQ,HLA-B*07:02,5.0305083e-05,0,0
AAAGALFTLPGAP,HLA-B*07:02,0.1492653,0,0
FLQRYDLRLILET,HLA-B*07:02,0.016801646,0,0
NSGSQHLSSTPEQ,HLA-B*07:02,0.0039093755,0,0
KARSVPAHGRRPL,HLA-B*07:02,0.001093234,0,0
DYMDDGGLNRQIT,HLA-B*07:02,0.00019303769,0,0
TDVHGILPNIKIT,HLA-B*07:02,5.7248544e-05,0,0
GERMVEIGPGLGA,HLA-B*07:02,0.022071125,0,0
DVVEIRECRPLSK,HLA-B*07:02,0.0048682787,0,0
YRNEPFLVFWNAP,HLA-B*07:02,0.3190811,0,0
CTLTDGIMDKTRM,HLA-B*07:02,2.462326e-05,0,0
MMAWKMILPQSII,HLA-B*07:02,0.0031086258,0,0
ELSLPFLEDADID,HLA-B*07:02,0.00044185712,0,0
LYQILRGLKYVHS,HLA-B*07:02,0.0009920544,0,0
KISEPNKGNHRKV,HLA-B*07:02,0.0022596559,0,0
MLSTRWTNQENVV,HLA-B*07:02,1.576821e-05,0,0
NSGASPRITSKSL,HLA-B*07:02,0.00014758522,0,0
YNFSIHDDMTITE,HLA-B*07:02,0.0014416662,0,0
AAIVRIMKSRKKM,HLA-B*07:02,0.00081884407,0,0
DDLPIRHIELGVR,HLA-B*07:02,0.0017118704,0,0
NHMSFSPSKQFAL,HLA-B*07:02,0.0011979875,0,0
IQSPSYIPLQGKS,HLA-B*07:02,0.0068158833,0,0
YPVKVVNNKIVFT,HLA-B*07:02,0.04262897,0,0
GKGKIVDLLTDRV,HLA-B*07:02,0.001988923,0,0
RWRQEGKRIALVP,HLA-B*07:02,0.0041379905,0,0
QEAIQIIPLMVES,HLA-B*07:02,0.002408339,0,0
VVNTDHGSPEQLQ,HLA-B*07:02,0.063939914,0,0
LRMSGGDHIHSGT,HLA-B*07:02,0.0004546313,0,0
PPHFWPLAMLIQE,HLA-B*07:02,0.9991873,1,0
GLEKDQVEESIKN,HLA-B*07:02,3.4262055e-05,0,0
IRKYELENDYPKV,HLA-B*07:02,3.4507688e-05,0,0
LVQGRLKDVLDAY,HLA-B*07:02,0.011487386,0,0
TGNEDLDKIRDVL,HLA-B*07:02,2.8008885e-06,0,0
SRESAKADASEAK,HLA-B*07:02,5.054138e-06,0,0
DSLSMSTSGSLSK,HLA-B*07:02,0.0005945457,0,0
RTGQVLEAREEIA,HLA-B*07:02,0.00030400403,0,0
CGFRETGIQGSEQ,HLA-B*07:02,4.297735e-05,0,0
SIAVRVTAHAGVK,HLA-B*07:02,0.008462083,0,0
QSFDSDKTIFGFC,HLA-B*07:02,0.00028702398,0,0
ELGEEAKREGRVT,HLA-B*07:02,2.5255651e-05,0,0
KIEQLRYCQHVLC,HLA-B*07:02,0.0034082604,0,0
FTSRKDKSVPINL,HLA-B*07:02,0.0015470984,0,0
VNSSWWYMRATGG,HLA-B*07:02,0.00012748512,0,0
EKGLATLRDEVES,HLA-B*07:02,0.00012156194,0,0
ANVRALTYCDLHI,HLA-B*07:02,0.001901644,0,0
AALLVTFCFGWVL,HLA-B*07:02,0.062429752,0,0
AASPGNVVAKARV,HLA-B*07:02,0.0070818854,0,0
WDVTILEYLTYLH,HLA-B*07:02,0.06745452,0,0
VVLNGFRSQDILT,HLA-B*07:02,0.0055116233,0,0
LPKDPNDERNIFL,HLA-B*07:02,0.5592038,1,0
LIVVNVLQPGSGM,HLA-B*07:02,0.5960936,1,0
VLPTIARRAMFQQ,HLA-B*07:02,3.7985996e-05,0,0
VDAIRGSSARELV,HLA-B*07:02,0.00036424072,0,0
LLLPLFEQSNQNM,HLA-B*07:02,0.002398292,0,0
AATEWCPAIHEYF,HLA-B*07:02,0.0028278183,0,0
DHIDWLETQLDLI,HLA-B*07:02,0.0017441688,0,0
MAVGEAILFFNRK,HLA-B*07:02,0.017619371,0,0
VILSTCNRTEVYL,HLA-B*07:02,0.00041834897,0,0
GSRTVRELIKLGF,HLA-B*07:02,0.06451855,0,0
DPVPGLKRNVVPL,HLA-B*07:02,0.45502383,0,0
GEDNKEHRPVVIH,HLA-B*07:02,0.0003097792,0,0
SFMTESQNLSTHL,HLA-B*07:02,0.00042981195,0,0
KFGGKSEVDESKG,HLA-B*07:02,0.0068784333,0,0
VVGEFRLERKWLD,HLA-B*07:02,0.025083957,0,0
NKLDKSEEQCLQN,HLA-B*07:02,0.0007378409,0,0
ADDIERVNAVREL,HLA-B*07:02,7.8071425e-06,0,0
GIYFVIATGRHYN,HLA-B*07:02,0.002529856,0,0
CEKERNFPKALDL,HLA-B*07:02,0.00038042743,0,0
VNKVPQNVAGDKT,HLA-B*07:02,0.0013060066,0,0
VSRVGSSAQTKAM,HLA-B*07:02,0.01553243,0,0
VSVLPFYLTLLAS,HLA-B*07:02,0.05787351,0,0
YITGENRDQVANS,HLA-B*07:02,0.00044040682,0,0
QIDIEDMGGTLRL,HLA-B*07:02,0.00011617053,0,0
EFYVAGSNYIDAA,HLA-B*07:02,2.1663076e-05,0,0
LLADKSMKVARDY,HLA-B*07:02,0.00027326794,0,0
GGYLDLAGFDISG,HLA-B*07:02,0.0006619239,0,0
DGLLNYDPVWLNF,HLA-B*07:02,2.1428921e-05,0,0
SALALKLGMKREH,HLA-B*07:02,0.021369556,0,0
LSSFLNKASAVYQ,HLA-B*07:02,0.0020769157,0,0
SLGVIGASMFIGD,HLA-B*07:02,0.024314536,0,0
KFDATMKTLTIDA,HLA-B*07:02,0.036720667,0,0
PATPYQEDIARYW,HLA-B*07:02,0.018043833,0,0
GGEALSRMLIVYP,HLA-B*07:02,0.0035739427,0,0
EEGKLDPVIGRDD,HLA-B*07:02,5.908198e-05,0,0
KDNLGSDDPEGDV,HLA-B*07:02,3.893126e-05,0,0
KWRKREKAGAQTH,HLA-B*07:02,0.00220105,0,0
MVDAEIIPAGIAG,HLA-B*07:02,9.646223e-05,0,0
ALHMLAAAVACHW,HLA-B*07:02,0.0008331025,0,0
KKAVVLGRSVIVG,HLA-B*07:02,0.0010779087,0,0
DLSTGKHIHETRE,HLA-B*07:02,8.980866e-06,0,0
DRISPIIEATSEY,HLA-B*07:02,0.005012681,0,0
AYEMVREVTSVEE,HLA-B*07:02,0.00043695938,0,0
GLIRDESGRKMSK,HLA-B*07:02,6.7200395e-05,0,0
GILGVYGGMIYTG,HLA-B*07:02,0.0023858482,0,0
YAQRSSLEGPVTS,HLA-B*07:02,0.0023591209,0,0
IEKVVLHPERSVV,HLA-B*07:02,0.000422937,0,0
YQGRISRDICIDG,HLA-B*07:02,0.00043319125,0,0
HSATRRVWITSPY,HLA-B*07:02,0.0004660497,0,0
SELMGNLNVVMFS,HLA-B*07:02,0.00017882034,0,0
GCYTVGGIFYLVP,HLA-B*07:02,0.009522018,0,0
LACADLIIGVISM,HLA-B*07:02,0.00037201334,0,0
IHQEEVQSSLRIM,HLA-B*07:02,0.0001733905,0,0
GTFIINGTERVIV,HLA-B*07:02,3.164789e-05,0,0
LMMKIGVFVPIGN,HLA-B*07:02,0.00021519468,0,0
VSQLVERGAAYSV,HLA-B*07:02,1.7120909e-05,0,0
KHIHITQATETTT,HLA-B*07:02,0.00048686506,0,0
FEPIRPYEFTGRG,HLA-B*07:02,0.0014864426,0,0
KAQADGFEVMNVA,HLA-B*07:02,0.011552496,0,0
ALEAMFVCFSGAA,HLA-B*07:02,0.0027104574,0,0
DTQFHGSEGRPIT,HLA-B*07:02,4.1675237e-05,0,0
YTNKLDPDVPLIT,HLA-B*07:02,0.00011654844,0,0
MLNFVGAESLEDL,HLA-B*07:02,0.00031030978,0,0
ILKHEPRGIAIGG,HLA-B*07:02,5.06212e-05,0,0
NLLLTLQRTGQTI,HLA-B*07:02,0.00032483635,0,0
GLIEDAADLYRLH,HLA-B*07:02,0.009470506,0,0
SSGGSSAAVAARL,HLA-B*07:02,0.0069737015,0,0
TQFVVPDLQTKEK,HLA-B*07:02,4.9186805e-05,0,0
PGANPQPAFGAAE,HLA-B*07:02,0.45149252,0,0
TGYRNNEAIGTAT,HLA-B*07:02,0.0024253088,0,0
RTGFGQHLFNDWR,HLA-B*07:02,0.004977653,0,0
EVRAFLIASAIHW,HLA-B*07:02,0.004254104,0,0
LKKYERYELRRSR,HLA-B*07:02,0.0018455137,0,0
VSRAILNSFPNAR,HLA-B*07:02,0.035590295,0,0
SEAIQEVMESYEV,HLA-B*07:02,1.7735878e-05,0,0
LIVGDRQTGKTAI,HLA-B*07:02,0.010955194,0,0
SANRIKEVDATNL,HLA-B*07:02,0.028897176,0,0
DLLRRIIRILYLS,HLA-B*07:02,0.0015365777,0,0
TTGYCVRTLHGHV,HLA-B*07:02,0.00025719297,0,0
AQREMRRLRKMQP,HLA-B*07:02,0.036630448,0,0
DPGLNSAQVRALD,HLA-B*07:02,0.6312622,1,0
AMLGIPPSDMSID,HLA-B*07:02,0.028424172,0,0
TVKQNGKSGACKR,HLA-B*07:02,0.014461737,0,0
CEKIATGHYARVK,HLA-B*07:02,4.8642767e-05,0,0
TLPAWCENWAQEV,HLA-B*07:02,4.4067915e-06,0,0
TQAMLHWMAPFLS,HLA-B*07:02,0.00019557921,0,0
KCCIVTIINTLLK,HLA-B*07:02,0.0038865434,0,0
ALRVASSMQEKVA,HLA-B*07:02,0.001959761,0,0
HIAPEAQDGGPIA,HLA-B*07:02,0.00052264734,0,0
TLLDYFPDDFQMV,HLA-B*07:02,4.0693645e-05,0,0
FALRRAALGVLRI,HLA-B*07:02,0.0019443294,0,0
QFAEVFVIVWFGA,HLA-B*07:02,0.0001666399,0,0
EALMPGIRRNFYN,HLA-B*07:02,0.0007976792,0,0
SKGALIVDLEKYN,HLA-B*07:02,0.004026171,0,0
EVFGPSPPFSSLS,HLA-B*07:02,0.66481864,1,0
GEKAGSKLAKAKE,HLA-B*07:02,0.0012389077,0,0
AVGIECRSADTEI,HLA-B*07:02,0.00059792516,0,0
HGGSDTNAPSEFA,HLA-B*07:02,0.0024049857,0,0
GCQTPEKLSASSK,HLA-B*07:02,0.0046996567,0,0
YLLENLDWLDEEI,HLA-B*07:02,0.00022571055,0,0
EYFKKFPKNISES,HLA-B*07:02,1.4112129e-05,0,0
TCARICPDHKGLA,HLA-B*07:02,0.0050289985,0,0
DVERVEGEAVARC,HLA-B*07:02,3.4837245e-05,0,0
PAAAPDDLALLKN,HLA-B*07:02,0.047877405,0,0
MALLAGADLVVEG,HLA-B*07:02,0.0008111321,0,0
QSKRASFAEKTAQ,HLA-B*07:02,0.0018279004,0,0
IENYSRFLSRRQP,HLA-B*07:02,0.0010697764,0,0
SNLSTISNWTNTS,HLA-B*07:02,0.0032860474,0,0
NFGYLIQQATVFG,HLA-B*07:02,0.0025717975,0,0
GSKISWADLMVLT,HLA-B*07:02,0.009913946,0,0
CLKESTLDECLSY,HLA-B*07:02,0.014668837,0,0
NTKVGEAVTKEDG,HLA-B*07:02,8.144864e-06,0,0
AVLKETCKAVLKE,HLA-B*07:02,0.00010139085,0,0
SDRCYATYHGDVA,HLA-B*07:02,0.0033604472,0,0
ASIQSRLMATVRN,HLA-B*07:02,0.006761481,0,0
NTKFYLFLWNSYV,HLA-B*07:02,0.0012902785,0,0
GSSAVMGQVPVIG,HLA-B*07:02,0.0004099038,0,0
PIVKNLSEAALRG,HLA-B*07:02,0.009785835,0,0
DDQSVNLPQRAPV,HLA-B*07:02,1.5468717e-05,0,0
NMLVPNFNSIDQR,HLA-B*07:02,6.697833e-05,0,0
ARLSAVYGGTYML,HLA-B*07:02,0.0002207987,0,0
FHLPRSTLFMLVS,HLA-B*07:02,0.47540528,0,0
SFDEIYGPPENFL,HLA-B*07:02,0.0014810876,0,0
TVAREVAQELRQY,HLA-B*07:02,0.0002865217,0,0
PFAKGGKIGLFGG,HLA-B*07:02,0.0012657081,0,0
DENQPPVRLPWEA,HLA-B*07:02,0.0051800567,0,0
MGEKWSRLKIDPN,HLA-B*07:02,2.7246164e-05,0,0
IIKFHRASKANKK,HLA-B*07:02,0.0076405974,0,0
HITPTALDRWEAR,HLA-B*07:02,0.0017890519,0,0
VEYAFDESLGYIT,HLA-B*07:02,0.0051818807,0,0
GEGFTGSKPSSHS,HLA-B*07:02,0.075216696,0,0
ASKKFSGIPMCAL,HLA-B*07:02,0.00093471317,0,0
TMLLTDRNLNTTF,HLA-B*07:02,0.0010314864,0,0
TFNYHCCDMDPNG,HLA-B*07:02,0.000166741,0,0
SKLDDEVELEIEA,HLA-B*07:02,0.00010262551,0,0
IIVNRWMPTDAVY,HLA-B*07:02,0.00019144645,0,0
VFYDITASSDGRV,HLA-B*07:02,0.00027741666,0,0
QEKQESYTQEARE,HLA-B*07:02,2.1647795e-05,0,0
LGLYGYLRLIVNM,HLA-B*07:02,0.00044991652,0,0
FPMLNLSSQITVI,HLA-B*07:02,0.9791517,1,0
LSPVATVAAVQMQ,HLA-B*07:02,0.00025088305,0,0
AYFLNEIVPVAQE,HLA-B*07:02,0.0040181726,0,0
QGSQARTLPSDIL,HLA-B*07:02,0.0038876608,0,0
LEVIARLQSLGLP,HLA-B*07:02,0.11620886,0,0
EQSVWVKTGALQW,HLA-B*07:02,0.000116851355,0,0
EAMGKALDEMGTT,HLA-B*07:02,0.018340971,0,0
EREVDRRREEKRA,HLA-B*07:02,0.00018663816,0,0
DIKQRTLYDFIDA,HLA-B*07:02,0.0012298551,0,0
GPRGLKGEKGEPA,HLA-B*07:02,0.9688367,1,0
LKMLNHAPSVQIH,HLA-B*07:02,0.0042714677,0,0
EVAAGDNEVALIF,HLA-B*07:02,9.802076e-05,0,0
DVAKGIKAFKKNM,HLA-B*07:02,0.033162832,0,0
SAGAHARNDELLR,HLA-B*07:02,0.052827142,0,0
SWIYTSLKRKSII,HLA-B*07:02,0.0031017973,0,0
PWMALCVLWCSVA,HLA-B*07:02,0.0050884816,0,0
GEQKCCRYGCIYE,HLA-B*07:02,0.00028289316,0,0
SAEGYVRSCLATL,HLA-B*07:02,0.1307083,0,0
THEIMRRQITAMV,HLA-B*07:02,0.017645514,0,0
FGATAIYPYLAYE,HLA-B*07:02,0.0011594776,0,0
EKFFENEEDHLSV,HLA-B*07:02,1.5382497e-05,0,0
SSGHTRCEKGADT,HLA-B*07:02,0.0035561097,0,0
HHEFASGLAYHVV,HLA-B*07:02,7.8629455e-05,0,0
SIIGALQAGLDHQ,HLA-B*07:02,0.021804603,0,0
TAKLPDSLTGNGD,HLA-B*07:02,0.017598107,0,0
SRRADIREANMYF,HLA-B*07:02,0.011263365,0,0
GKLGVVQGNGGDL,HLA-B*07:02,0.00031271242,0,0
QVMFLEIDQDKIV,HLA-B*07:02,0.00010385104,0,0
TQVIDPEFSFYGP,HLA-B*07:02,8.321989e-05,0,0
PNGAYGVKGFSFK,HLA-B*07:02,0.004676526,0,0
NKAAVTMPSSKLKV,HLA-B*07:02,0.00038640993,0,0
GGTVTGERKEDFSK,HLA-B*07:02,0.0026049537,0,0
IMYVLPYNSKADLL,HLA-B*07:02,0.0007633469,0,0
EIGLGFGVCFLLLV,HLA-B*07:02,0.0072061643,0,0
PQDVGFAEKSLEKS,HLA-B*07:02,5.476207e-05,0,0
KCSNCEQTRDLNYW,HLA-B*07:02,6.3784784e-05,0,0
ILRRGQLLIIPQHY,HLA-B*07:02,0.0036983169,0,0
PEYKEVTKTVKKDT,HLA-B*07:02,1.0084755e-06,0,0
IRQMAVEIGREHTL,HLA-B*07:02,3.3733245e-06,0,0
TSEEQMREDQNIQS,HLA-B*07:02,1.4774897e-05,0,0
QKVVQAVSTDPVPV,HLA-B*07:02,0.00018601688,0,0
EEQAKGAGLDMADP,HLA-B*07:02,0.00014502976,0,0
FNKLTSNILYSDDT,HLA-B*07:02,0.010071785,0,0
DGRKAGEPFAPGAN,HLA-B*07:02,0.012130463,0,0
ETLTAADRDFSNAD,HLA-B*07:02,2.3135908e-06,0,0
PEREDLEALVREQA,HLA-B*07:02,0.16360277,0,0
SDRFMRVDSAWRKP,HLA-B*07:02,0.0032608947,0,0
WIQVSNGQAVLGGP,HLA-B*07:02,0.0024768244,0,0
SGKYKVCLDYHIHK,HLA-B*07:02,0.0005369948,0,0
MEKAAAQVVAGLAS,HLA-B*07:02,0.0017915027,0,0
FTVTHDVEYVLFPN,HLA-B*07:02,0.0002142482,0,0
SLSSVEEDGIRRLY,HLA-B*07:02,0.00011632439,0,0
DYMQVLKEMTRVVK,HLA-B*07:02,0.0014884782,0,0
PLLDGEKVTKQSVK,HLA-B*07:02,3.5776004e-05,0,0
KGHCPLTPGNPGAP,HLA-B*07:02,0.011508778,0,0
MGPTGPKGLKGDMG,HLA-B*07:02,4.606124e-05,0,0
KEVGNRTIAVYDLG,HLA-B*07:02,0.007623378,0,0
VKGKEKFRKPLDPP,HLA-B*07:02,0.0001414657,0,0
DVHLVTGSMDRSIR,HLA-B*07:02,0.05418969,0,0
QLKKLNSQLTTLTD,HLA-B*07:02,0.050115086,0,0
QAATTGIVLRRRLQ,HLA-B*07:02,0.04004034,0,0
RGDCGDFCKNNGSY,HLA-B*07:02,8.065905e-06,0,0
ARKRFGQNFLTDEN,HLA-B*07:02,0.012597719,0,0
RRSSDDEVRQRAQR,HLA-B*07:02,0.00047406123,0,0
EIQNMKEEMARHLR,HLA-B*07:02,0.0020536615,0,0
GGGQISHLLHQLST,HLA-B*07:02,0.054098673,0,0
RVETGGCTAVVLLV,HLA-B*07:02,0.0006444412,0,0
ALEGAGIIEDPKRA,HLA-B*07:02,0.00019376517,0,0
YYTAKLSSRIDDID,HLA-B*07:02,7.606541e-05,0,0
KRKLMILIVALVTG,HLA-B*07:02,0.01148134,0,0
EGDEDMRKQMQEDE,HLA-B*07:02,9.602804e-06,0,0
IEEDASTRTKKVYV,HLA-B*07:02,7.802163e-05,0,0
ILVGVIKSCHGIKG,HLA-B*07:02,0.010531183,0,0
SAGLVCRVESSSKS,HLA-B*07:02,0.04051337,0,0
GLAGFEGVRRRFEL,HLA-B*07:02,0.0018310167,0,0
STIYMAFYTVAHLL,HLA-B*07:02,0.0004735938,0,0
EGLFNKAFYASCFK,HLA-B*07:02,2.0172394e-05,0,0
IIVAINKIDKPGAN,HLA-B*07:02,0.0019279538,0,0
LKKNHQEEMKVMQG,HLA-B*07:02,0.010617982,0,0
KIGPREKSFNMRWI,HLA-B*07:02,0.12924498,0,0
SPRPLGHFSVGGLL,HLA-B*07:02,0.9855564,1,0
ENVSSKPTAMVPTE,HLA-B*07:02,6.570624e-05,0,0
ISGVDAFTLYDTYG,HLA-B*07:02,0.0011815255,0,0
LFQALIRAIAELTG,HLA-B*07:02,0.017839823,0,0
VHPVTNTIMRQGVP,HLA-B*07:02,0.0006226918,0,0
EAADYRAAPLCTGD,HLA-B*07:02,0.008676806,0,0
EILDMSRKKDKLLL,HLA-B*07:02,0.0002722182,0,0
DPSPGRYSAGLIPL,HLA-B*07:02,0.97584903,1,0
KLAQELIKKGFAYY,HLA-B*07:02,4.3876906e-05,0,0
GLTILAAGTSIPDL,HLA-B*07:02,5.4183165e-06,0,0
TQQVTIKNLYVSSF,HLA-B*07:02,0.0072373054,0,0
SIVKPEIRDIIYSS,HLA-B*07:02,0.0019556817,0,0
LLDENVKVSLPGGD,HLA-B*07:02,0.0009525148,0,0
QAESAGAVGGDSSA,HLA-B*07:02,0.000626358,0,0
AAGVVVGKLGTSTV,HLA-B*07:02,0.01640888,0,0
EPAGQNPTGALGEI,HLA-B*07:02,0.6299954,1,0
ALKTADSGYLTRRL,HLA-B*07:02,0.00010420011,0,0
KDGIPAKVERLEYD,HLA-B*07:02,0.0059753065,0,0
VGAVIYNGTDSFNG,HLA-B*07:02,0.0002627228,0,0
LSDAYRITDKQERY,HLA-B*07:02,0.00023269813,0,0
KAAPAASEEEALAF,HLA-B*07:02,0.06847756,0,0
AQYQLPDDAIVFCN,HLA-B*07:02,2.051205e-05,0,0
IKVYCLLLRLINPS,HLA-B*07:02,0.0052105514,0,0
KKQRNLIVLSNKTK,HLA-B*07:02,0.022635316,0,0
TEFPSFLVQTYEAA,HLA-B*07:02,0.021874297,0,0
KSILAPVLDNNPIA,HLA-B*07:02,5.9668626e-05,0,0
FGEEGAWDWDVDEV,HLA-B*07:02,2.9957386e-05,0,0
GRLLPEFNMAEPPL,HLA-B*07:02,0.0017911597,0,0
PESRKERNERECLR,HLA-B*07:02,0.00026021694,0,0
CLSLKYRQMSVRKM,HLA-B*07:02,0.00898539,0,0
PSTVVATAVGVLLG,HLA-B*07:02,0.0055386014,0,0
VGHIQVMCPGFAAD,HLA-B*07:02,0.00079574244,0,0
ARLRAAVPRLDEDR,HLA-B*07:02,6.7364713e-06,0,0
PFDEEVYTSSKPLR,HLA-B*07:02,5.010165e-06,0,0
HLYLTLGVLTGLGF,HLA-B*07:02,0.15969072,0,0
ISSPNFSEMYTQLA,HLA-B*07:02,0.08531229,0,0
LRFLYSEVLKFSTE,HLA-B*07:02,0.00975493,0,0
VMEICEGGELFDRI,HLA-B*07:02,5.829833e-05,0,0
MLEKNKNNKKFILH,HLA-B*07:02,6.223301e-05,0,0
LTRQGSRVLAMGIR,HLA-B*07:02,0.05156782,0,0
HPLRNIARELNAIP,HLA-B*07:02,0.74964416,1,0
KKTVEPFASVIALP,HLA-B*07:02,0.00015338005,0,0
AGRVETHPIAGTRP,HLA-B*07:02,0.00034543147,0,0
EPIEIRSGVSIHLA,HLA-B*07:02,0.1394632,0,0
ADKWEALVTQAETV,HLA-B*07:02,0.00020802942,0,0
GDTVTTARHGAKEA,HLA-B*07:02,0.0031625542,0,0
QTGVDNPGHPFIMT,HLA-B*07:02,3.918622e-05,0,0
SAGNRMEDILAQMG,HLA-B*07:02,0.002041277,0,0
FYVAGVSGNREAFM,HLA-B*07:02,1.1146678e-05,0,0
RTKRTAEIIAQACG,HLA-B*07:02,0.0015113718,0,0
GIDAIKVCVAYERK,HLA-B*07:02,0.00052181655,0,0
LPEDHQCRCRHEAD,HLA-B*07:02,0.08642566,0,0
NLDETHSMPPTRPE,HLA-B*07:02,0.00051275815,0,0
KIHGERNVFDGIFS,HLA-B*07:02,0.050158832,0,0
LVEDPYTEKESRMH,HLA-B*07:02,0.003917236,0,0
PSPMASRLRGRREH,HLA-B*07:02,0.00013743587,0,0
RIGHLRWLRNISVA,HLA-B*07:02,0.0012830348,0,0
EFNEDAEPVTTDAI,HLA-B*07:02,0.00048016585,0,0
KDLNMTGQTEELFG,HLA-B*07:02,0.00018075678,0,0
SAFLTVQEGCDKFC,HLA-B*07:02,0.0002562472,0,0
ESMVKFHGADLEHY,HLA-B*07:02,8.017496e-05,0,0
FHFMLAFQGDHNIL,HLA-B*07:02,0.00046008395,0,0
RGRGTDSDDVIMRR,HLA-B*07:02,0.008051866,0,0
QTQPHHHHHHHQQH,HLA-B*07:02,0.0005480478,0,0
GDTRLIRHAYGEGE,HLA-B*07:02,0.00019979503,0,0
QFVSEMCDPMGKPI,HLA-B*07:02,0.00011664518,0,0
YKTIRAAKEKVEIT,HLA-B*07:02,6.4185238e-06,0,0
IQDIAYTSTARRVH,HLA-B*07:02,5.218355e-05,0,0
RFNKYFAQVIGLLF,HLA-B*07:02,0.0010797087,0,0
SVVVICNARELAYQ,HLA-B*07:02,0.012995034,0,0
EAARQIFEEIDYDE,HLA-B*07:02,0.00016342824,0,0
AVSISIDDLKIPKE,HLA-B*07:02,0.013094968,0,0
SSICPNLLSHISVS,HLA-B*07:02,0.002056296,0,0
PAYEQWITNDNSVQ,HLA-B*07:02,0.000104679246,0,0
LVSEQERKHVDGCG,HLA-B*07:02,0.0009774496,0,0
LSQELYKNGFRPPI,HLA-B*07:02,4.598939e-05,0,0
DALKAAGSLLRNER,HLA-B*07:02,0.00802237,0,0
STFHCNCTNTGYRG,HLA-B*07:02,0.00013303192,0,0
RDADGGIKPLKNKN,HLA-B*07:02,0.0013086057,0,0
PTFLQLSPGGLRRA,HLA-B*07:02,0.0015336879,0,0
YIQGVDSVYDLVWS,HLA-B*07:02,0.005438192,0,0
VITGMGALSPIGND,HLA-B*07:02,0.0024828955,0,0
VNVIRVMLSELFRI,HLA-B*07:02,0.0010760952,0,0
TLPGGTYGAYNGTS,HLA-B*07:02,2.2912054e-05,0,0
ADANRKFKCKAVAN,HLA-B*07:02,0.0006201226,0,0
NFYLLRAGENVSTA,HLA-B*07:02,7.1355906e-05,0,0
RPSLRWDGGPGKAF,HLA-B*07:02,0.038958132,0,0
SHGIFLKLPSEISA,HLA-B*07:02,0.00084329053,0,0
GAAGLGDIGELFPD,HLA-B*07:02,0.02015693,0,0
DYAFLHKAGVHVAG,HLA-B*07:02,0.0011068622,0,0
LTSSVCIVSEIIKK,HLA-B*07:02,0.000121792364,0,0
SAQRMAFTLLQRDR,HLA-B*07:02,0.058589146,0,0
PNPLINFKEWGLKV,HLA-B*07:02,0.0003345148,0,0
DTEVVLHLIATSKH,HLA-B*07:02,9.679699e-05,0,0
LVSRFSPYEWHTEE,HLA-B*07:02,0.0017644503,0,0
ASFVGHPPGSAYPK,HLA-B*07:02,0.00076348725,0,0
YTGERCQDECPVGT,HLA-B*07:02,3.1455922e-05,0,0
INSFRGLGVDKGLE,HLA-B*07:02,0.0017486712,0,0
DALGFFILFLLLLL,HLA-B*07:02,0.36418864,0,0
IGDTTVQLSWSRGF,HLA-B*07:02,4.5596582e-05,0,0
PNNSLNEGCVSSEG,HLA-B*07:02,0.00040769533,0,0
EDLAEPYVIRPTSE,HLA-B*07:02,1.0122062e-06,0,0
SNSEHSLRSLGKAG,HLA-B*07:02,0.025716323,0,0
DLGVSSLQLDETDR,HLA-B*07:02,0.0013179027,0,0
REAADVNRDGAINS,HLA-B*07:02,0.0002465105,0,0
RPALLASLGFGVVW,HLA-B*07:02,0.44551268,0,0
KTNAISKIAASNYQ,HLA-B*07:02,0.00023116126,0,0
PRYSPDGKGFTFIH,HLA-B*07:02,0.003222766,0,0
MGQIKGMYNGDQAR,HLA-B*07:02,0.00012212986,0,0
AETFPKCFSIEGEA,HLA-B*07:02,0.00027214113,0,0
SIEIAGPGFINFTI,HLA-B*07:02,0.017596457,0,0
DILGLPGTYRIGVV,HLA-B*07:02,3.1528267e-05,0,0
DHGKTTLTAAITSV,HLA-B*07:02,0.0002572408,0,0
LKSLRSLTPCFYIK,HLA-B*07:02,0.018352974,0,0
LEIFSVAIYEHWVD,HLA-B*07:02,4.343629e-06,0,0
GCECPLKELLTLLS,HLA-B*07:02,0.5510794,1,0
GQSQYHRDWNNGEQ,HLA-B*07:02,0.001916252,0,0
GRASNNAVRAFRDI,HLA-B*07:02,0.0003727681,0,0
HTVNYLKDKEVQLM,HLA-B*07:02,1.1110827e-05,0,0
LTPTEDLTPGSVEE,HLA-B*07:02,4.670062e-05,0,0
MTSTWWKKLPFYRF,HLA-B*07:02,0.00014866558,0,0
YCNDHRPVCSFPLC,HLA-B*07:02,0.0034571965,0,0
LQHIETLITHFLQV,HLA-B*07:02,0.0004193879,0,0
ARALDYVAGYCVVN,HLA-B*07:02,0.00024261838,0,0
LPRATTVYMNSFEE,HLA-B*07:02,0.995676,1,0
ANATSERLQELNLR,HLA-B*07:02,0.0014861143,0,0
CAMPPYNKMTGHQQ,HLA-B*07:02,0.38965017,0,0
LGHEQVARSLFPVG,HLA-B*07:02,9.767078e-05,0,0
RKVQSATHFKKVCG,HLA-B*07:02,0.00334795,0,0
RSSNSRIDRFSKVL,HLA-B*07:02,0.00023071868,0,0
AVRITHMPSGIVVA,HLA-B*07:02,0.025650218,0,0
ERLSMEFGNATFLK,HLA-B*07:02,1.5085998e-05,0,0
EQTLWNSIDRLSSL,HLA-B*07:02,5.9594345e-06,0,0
MRTKAAITEPSIML,HLA-B*07:02,2.3682891e-05,0,0
RAAELAQAASIPVL,HLA-B*07:02,0.0006188476,0,0
ETFNVSKVGTIAGF,HLA-B*07:02,1.7210585e-05,0,0
TSPLRARFGINSRL,HLA-B*07:02,6.6623084e-06,0,0
GGAPGCIGQNSQSQ,HLA-B*07:02,0.0012961525,0,0
KAAALQVAENPGGA,HLA-B*07:02,0.0039781244,0,0
TIPALDEALRFVPA,HLA-B*07:02,0.00061881606,0,0
DEDAVEAIAQEAYK,HLA-B*07:02,2.135935e-07,0,0
FNLFTGNLMISIDS,HLA-B*07:02,0.011346246,0,0
KRVCVIDAAVLLEA,HLA-B*07:02,0.0062642633,0,0
LVAPNFSLSAVLAM,HLA-B*07:02,0.54393184,1,0
VIETQSSNYKRLYN,HLA-B*07:02,0.00042312779,0,0
ETELSAVFETEYRP,HLA-B*07:02,5.7537177e-06,0,0
TSAVSGLCFSKRGN,HLA-B*07:02,0.004126574,0,0
VKSRLNQAGEACYQ,HLA-B*07:02,0.000860584,0,0
GLVGLLAEQGGTRV,HLA-B*07:02,0.0031733587,0,0
LTIEARVVIASVDT,HLA-B*07:02,0.00046742475,0,0
FYDAAAPIIEKESI,HLA-B*07:02,1.7238213e-05,0,0
YAISLVGNYIKHPF,HLA-B*07:02,5.574074e-05,0,0
RAAMDALTEGLISK,HLA-B*07:02,0.023810804,0,0
RGREYEGVHDEAIS,HLA-B*07:02,0.00033890497,0,0
ITRAFLANPKILIL,HLA-B*07:02,0.0077292123,0,0
CLTEALGLSLPGNG,HLA-B*07:02,0.0005468803,0,0
LYPNEPQVQLKSCL,HLA-B*07:02,2.4515386e-05,0,0
DVLDKVEVDNLLLI,HLA-B*07:02,0.005029824,0,0
KFAVVFSLLRNALG,HLA-B*07:02,0.0077604116,0,0
SQTLLDRLLLTDER,HLA-B*07:02,0.011015155,0,0
FLEAVRQLKHEVGK,HLA-B*07:02,6.653202e-05,0,0
EAQVLSPAQQQLMQ,HLA-B*07:02,0.013900097,0,0
LGRPGKGHYWTIDP,HLA-B*07:02,0.0013694089,0,0
LVNVHGGGFTGQAQ,HLA-B*07:02,0.3309054,0,0
FPAKVEPAKIAWEC,HLA-B*07:02,0.70398986,1,0
PGIASLDIVDNALP,HLA-B*07:02,3.930456e-05,0,0
YEASISAFGSNYDR,HLA-B*07:02,6.365481e-05,0,0
IVKDEQIDAIVMAG,HLA-B*07:02,0.00012163499,0,0
SVGQANRISGIDPS,HLA-B*07:02,0.0009279352,0,0
VTSGYVSASTKAIF,HLA-B*07:02,0.0063462574,0,0
VGEFYGPDFINLSY,HLA-B*07:02,0.014717879,0,0
DSGAEERARQRRDE,HLA-B*07:02,4.4283825e-06,0,0
SGGDAARVRGAAAP,HLA-B*07:02,0.0021359478,0,0
EDAVMEAALEAGAE,HLA-B*07:02,0.0014684406,0,0
SYNKVFGYFIEITK,HLA-B*07:02,0.0001742731,0,0
GFVPWATSSIAVMF,HLA-B*07:02,0.024127975,0,0
EALPGLLEQGGQLA,HLA-B*07:02,0.005984345,0,0
IEASQQILALNNPD,HLA-B*07:02,0.00032808873,0,0
EGNTVPGEWPWQAS,HLA-B*07:02,6.2658946e-06,0,0
AALFFLAGTTYDRI,HLA-B*07:02,0.001107262,0,0
IKNRLCFYCKKEGH,HLA-B*07:02,5.7679365e-05,0,0
KFRYRQTDTKVTVH,HLA-B*07:02,0.0005140378,0,0
HPHGGGLHQSVSRP,HLA-B*07:02,0.90765494,1,0
FDSGVGGLSIYNEV,HLA-B*07:02,0.009957428,0,0
RIKEIVPIWKKEIW,HLA-B*07:02,0.0002814957,0,0
AYQDPNAYTDPYYV,HLA-B*07:02,0.00023733436,0,0
FTIFFYAVIYTMWL,HLA-B*07:02,0.001109733,0,0
YSGQIGSFSSRDLL,HLA-B*07:02,0.00045274055,0,0
LPRHLHYECLEWGL,HLA-B*07:02,0.66497916,1,0
GCAPDTRFFVPEPG,HLA-B*07:02,0.044485237,0,0
MGGSTNTVLHLLAA,HLA-B*07:02,0.3866748,0,0
ERFSTLETIELKLP,HLA-B*07:02,0.00022042784,0,0
TGEVSAAMLADVGC,HLA-B*07:02,5.5794717e-05,0,0
VDTGGAPGTVLAQN,HLA-B*07:02,0.0007083987,0,0
NQVPRAEFRRMCRE,HLA-B*07:02,6.688636e-05,0,0
YGFRCCDRWNPNNS,HLA-B*07:02,1.981722e-05,0,0
PGAQRESAMRALFG,HLA-B*07:02,0.009417926,0,0
AIQELFKRISEQFT,HLA-B*07:02,0.00033120724,0,0
YLVGQTGADYAGSE,HLA-B*07:02,0.018520752,0,0
RALTEIRHRNVVKL,HLA-B*07:02,6.147067e-05,0,0
ALNLESSATGAIVM,HLA-B*07:02,0.0003105427,0,0
LNGKVFNKDKEYFN,HLA-B*07:02,1.2101185e-05,0,0
FEPWDELKMETDYD,HLA-B*07:02,0.00014547019,0,0
LFGHTASITCLSKA,HLA-B*07:02,0.00096482795,0,0
PLKLYFNERGRAKL,HLA-B*07:02,0.0004987838,0,0
LSGPTVDYPVLYGK,HLA-B*07:02,0.0038375896,0,0
VRDDTLADAAVRER,HLA-B*07:02,3.0574076e-05,0,0
AVCTLLPPDREATA,HLA-B*07:02,0.00012122498,0,0
SEAVFRVLTGTNRD,HLA-B*07:02,0.0013737581,0,0
LSNLIKTGFSYRIN,HLA-B*07:02,0.0067664557,0,0
TYTQGLNACEQMRG,HLA-B*07:02,3.5544625e-05,0,0
GSKMYKQKGTGRAR,HLA-B*07:02,0.0012748726,0,0
QTMLQKKVERRFGW,HLA-B*07:02,0.0018954609,0,0
DALSGLRVARESVG,HLA-B*07:02,2.0338264e-05,0,0
SLFDKDGDGTITTK,HLA-B*07:02,0.00012664293,0,0
YFSECNKCDEKKER,HLA-B*07:02,4.7978214e-05,0,0
KASSIPGCNRTDSV,HLA-B*07:02,0.0011650111,0,0
QKEQNIGRPIKSLA,HLA-B*07:02,0.005363563,0,0
LKELRELMRKGFNA,HLA-B*07:02,0.0011307681,0,0
PKVNFSKVVSEEQT,HLA-B*07:02,3.5344958e-05,0,0
NSEFLNGVYTGVNG,HLA-B*07:02,0.00012567177,0,0
QKNRDMTFGEVKLT,HLA-B*07:02,2.8060083e-05,0,0
LGSEWASPQESRKS,HLA-B*07:02,0.00025752914,0,0
ELPAHFMSHIARLS,HLA-B*07:02,3.0115702e-05,0,0
SEKTLVDRAVELQA,HLA-B*07:02,1.4837392e-05,0,0
KDLKGLVDEGKKQI,HLA-B*07:02,1.9924097e-05,0,0
TCYIKARAACRAAG,HLA-B*07:02,0.0008198126,0,0
SSKRSSSSSSSSSS,HLA-B*07:02,0.008217121,0,0
HAPTVTNVNPSNTG,HLA-B*07:02,2.8272067e-05,0,0
PMAEERKPFSPMNF,HLA-B*07:02,0.008310208,0,0
HESRRIDNQLRGRS,HLA-B*07:02,0.001220947,0,0
GEIGEFIEAVEVLK,HLA-B*07:02,2.3713765e-05,0,0
GFDYLRDNMVPDLS,HLA-B*07:02,0.0010539939,0,0
PELLDGEGETGIEE,HLA-B*07:02,0.0017854712,0,0
DDNEMRNVVSAIGE,HLA-B*07:02,0.000131245,0,0
ARESAGNNRKEGVH,HLA-B*07:02,9.264233e-06,0,0
LGLVWAVGMAWLDL,HLA-B*07:02,0.00096973625,0,0
VPPFAEGEIVVKGP,HLA-B*07:02,0.005886033,0,0
QRYGFDPDKKICLL,HLA-B*07:02,0.00010097326,0,0
IGSENITGISRVIR,HLA-B*07:02,0.0079227025,0,0
DFDKKIRDLTEDEI,HLA-B*07:02,0.004002355,0,0
LQEKPPKLVLFCSE,HLA-B*07:02,0.0036705728,0,0
GVPIKAPVAGIAMG,HLA-B*07:02,0.0018967241,0,0
YPIELLLVQHSDME,HLA-B*07:02,0.9211761,1,0
PSCAAKFEGCCSEI,HLA-B*07:02,0.00024351386,0,0
GTEAVLVDATLGAG,HLA-B*07:02,0.0014247545,0,0
SAFIKNIKKNAHIV,HLA-B*07:02,0.00021057403,0,0
EQKCFINIAGSPEI,HLA-B*07:02,1.6385111e-05,0,0
FDLHSLAGSLDVAD,HLA-B*07:02,0.00013839614,0,0
KILNDVVPKALARI,HLA-B*07:02,6.0281043e-05,0,0
FWAYSVKENQWTCI,HLA-B*07:02,0.0003221922,0,0
QTKEHLYHAAAEEY,HLA-B*07:02,0.000101927595,0,0
LYALTSPLLTTASG,HLA-B*07:02,0.28832707,0,0
YRGDQSRKQSLVEY,HLA-B*07:02,0.001342567,0,0
VVAYPTEAVFGLGC,HLA-B*07:02,0.6443133,1,0
FWEAEPEHQDYLQR,HLA-B*07:02,0.000350108,0,0
VDKADNFPQTSEHT,HLA-B*07:02,0.0013930319,0,0
NALDADRLHRVLDG,HLA-B*07:02,0.00029671597,0,0
AKKYDIIVKAEEVS,HLA-B*07:02,0.0002843574,0,0
TLLREGANREILGI,HLA-B*07:02,2.2565464e-06,0,0
QSGGKGQYGHVVIE,HLA-B*07:02,0.00024342425,0,0
PMDKIFIGSCTNAR,HLA-B*07:02,0.00017811805,0,0
ADSFAKGRVMMVAN,HLA-B*07:02,0.013100676,0,0
SPDPRMVLYPAELH,HLA-B*07:02,0.3381135,0,0
NDIVIELLKEKGAL,HLA-B*07:02,0.00041811934,0,0
ESLKEMKDEKRKTE,HLA-B*07:02,2.664892e-07,0,0
SHCLVATATLSNLT,HLA-B*07:02,0.02356654,0,0
VALFGLAVTLAKVR,HLA-B*07:02,0.0012734825,0,0
HSAGDRTQGLSHAS,HLA-B*07:02,0.15854347,0,0
WLFRRMPPANQRLN,HLA-B*07:02,5.012269e-05,0,0
LLMDGHQQAKSGGV,HLA-B*07:02,0.0005522878,0,0
LLNTFSGGGNSSFG,HLA-B*07:02,3.387159e-05,0,0
VPHLYNLHDMFHYT,HLA-B*07:02,0.798729,1,0
FAGIDNPSELVSAQ,HLA-B*07:02,0.079216145,0,0
GVMRELKRQGVAMI,HLA-B*07:02,0.013088697,0,0
IIDLEKAGRTPKIA,HLA-B*07:02,3.3715805e-05,0,0
VEDAAHANKTSHTD,HLA-B*07:02,0.00024884738,0,0
VRQQPNGVDLEGLA,HLA-B*07:02,0.0025530462,0,0
VSGSVQDKGSIHKF,HLA-B*07:02,8.443075e-06,0,0
NMPVVGSLLRRGGA,HLA-B*07:02,0.00082373177,0,0
